#
# There is insufficient memory for the Java Runtime Environment to continue.
# Native memory allocation (malloc) failed to allocate 1037296 bytes. Error detail: Chunk::new
# Possible reasons:
#   The system is out of physical RAM or swap space
#   This process is running with CompressedOops enabled, and the Java Heap may be blocking the growth of the native heap
# Possible solutions:
#   Reduce memory load on the system
#   Increase physical memory or swap space
#   Check if swap backing store is full
#   Decrease Java heap size (-Xmx/-Xms)
#   Decrease number of Java threads
#   Decrease Java thread stack sizes (-Xss)
#   Set larger code cache with -XX:ReservedCodeCacheSize=
#   JVM is running with Zero Based Compressed Oops mode in which the Java heap is
#     placed in the first 32GB address space. The Java Heap base address is the
#     maximum limit for the native heap growth. Please use -XX:HeapBaseMinAddress
#     to set the Java Heap base and to place the Java Heap above 32GB virtual address.
# This output file may be truncated or incomplete.
#
#  Out of Memory Error (arena.cpp:191), pid=16372, tid=15504
#
# JRE version: OpenJDK Runtime Environment Temurin-17.0.19+10 (17.0.19+10) (build 17.0.19+10)
# Java VM: OpenJDK 64-Bit Server VM Temurin-17.0.19+10 (17.0.19+10, mixed mode, sharing, tiered, compressed oops, compressed class ptrs, g1 gc, windows-amd64)
# No core dump will be written. Minidumps are not enabled by default on client versions of Windows
#

---------------  S U M M A R Y ------------

Command Line: --add-opens=java.base/java.lang=ALL-UNNAMED --add-opens=java.base/java.lang.invoke=ALL-UNNAMED --add-opens=java.base/java.util=ALL-UNNAMED --add-opens=java.prefs/java.util.prefs=ALL-UNNAMED --add-exports=jdk.compiler/com.sun.tools.javac.api=ALL-UNNAMED --add-exports=jdk.compiler/com.sun.tools.javac.util=ALL-UNNAMED --add-opens=java.base/java.util=ALL-UNNAMED --add-opens=java.prefs/java.util.prefs=ALL-UNNAMED --add-opens=java.base/java.nio.charset=ALL-UNNAMED --add-opens=java.base/java.net=ALL-UNNAMED --add-opens=java.base/java.util.concurrent.atomic=ALL-UNNAMED --add-opens=java.xml/javax.xml.namespace=ALL-UNNAMED -XX:MaxMetaspaceSize=2g -Xmx4g -Dfile.encoding=UTF-8 -Duser.country=FR -Duser.language=fr -Duser.variant -javaagent:C:\Users\ranim\.gradle\wrapper\dists\gradle-8.14-all\c2qonpi39x1mddn7hk5gh9iqj\gradle-8.14\lib\agents\gradle-instrumentation-agent-8.14.jar org.gradle.launcher.daemon.bootstrap.GradleDaemon 8.14

Host: 11th Gen Intel(R) Core(TM) i5-1135G7 @ 2.40GHz, 8 cores, 11G,  Windows 11 , 64 bit Build 26100 (10.0.26100.8972)
Time: Fri Aug  7 12:17:20 2026 Afr. centrale Ouest elapsed time: 755.622263 seconds (0d 0h 12m 35s)

---------------  T H R E A D  ---------------

Current thread (0x0000026b31534a00):  JavaThread "C2 CompilerThread0" daemon [_thread_in_native, id=15504, stack(0x000000902db00000,0x000000902dc00000)]


Current CompileTask:
C2:755622 41278   !   4       org.gradle.internal.execution.impl.DefaultInputFingerprinter$InputCollectingVisitor::visitInputFileProperty (135 bytes)

Stack: [0x000000902db00000,0x000000902dc00000]
Native frames: (J=compiled Java code, j=interpreted, Vv=VM code, C=native code)
V  [jvm.dll+0x684b29]
V  [jvm.dll+0x83a2d5]
V  [jvm.dll+0x83bd4e]
V  [jvm.dll+0x83c3d3]
V  [jvm.dll+0x24905f]
V  [jvm.dll+0xad536]
V  [jvm.dll+0xadbdc]
V  [jvm.dll+0x368d4f]
V  [jvm.dll+0x3331d5]
V  [jvm.dll+0x33263a]
V  [jvm.dll+0x219e69]
V  [jvm.dll+0x2192af]
V  [jvm.dll+0x1a49f0]
V  [jvm.dll+0x2299fa]
V  [jvm.dll+0x227bab]
V  [jvm.dll+0x7f0a88]
V  [jvm.dll+0x7eaf1c]
V  [jvm.dll+0x6839f7]
C  [ucrtbase.dll+0x2cd30]
C  [KERNEL32.DLL+0x2ccb7]
C  [ntdll.dll+0xaad6c]


---------------  P R O C E S S  ---------------

Threads class SMR info:
_java_thread_list=0x0000026b8498b490, length=104, elements={
0x0000026b0c811a30, 0x0000026b3151bd10, 0x0000026b3151c5e0, 0x0000026b3152d360,
0x0000026b3152dc30, 0x0000026b3152e500, 0x0000026b3152edd0, 0x0000026b31534a00,
0x0000026b3155f740, 0x0000026b3157bd30, 0x0000026b318020f0, 0x0000026b319637b0,
0x0000026b789465c0, 0x0000026b7869c830, 0x0000026b78608f20, 0x0000026b7789da80,
0x0000026b7789c640, 0x0000026b7789e4a0, 0x0000026b77db32c0, 0x0000026b77db4c10,
0x0000026b77db2390, 0x0000026b77db5120, 0x0000026b77db3ce0, 0x0000026b77db2db0,
0x0000026b77db37d0, 0x0000026b7a492fd0, 0x0000026b7a4939f0, 0x0000026b7a492ac0,
0x0000026b7a4920a0, 0x0000026b7bf82e20, 0x0000026b7c31d110, 0x0000026b86c58240,
0x0000026b7d44af30, 0x0000026b7ea97790, 0x0000026b7bd01920, 0x0000026b7bd041a0,
0x0000026b7bd046b0, 0x0000026b7bd01e30, 0x0000026b7bd03270, 0x0000026b7bd02340,
0x0000026b7e553790, 0x0000026b859f1ce0, 0x0000026b859f17d0, 0x0000026b859f0390,
0x0000026b859f21f0, 0x0000026b859f3120, 0x0000026b86c568f0, 0x0000026b86c559c0,
0x0000026b86c56e00, 0x0000026b85037260, 0x0000026b86c57310, 0x0000026b86c58750,
0x0000026b86c57d30, 0x0000026b86c58c60, 0x0000026b86c57820, 0x0000026b86c59170,
0x0000026b86c55ed0, 0x0000026b7a494e30, 0x0000026b7a4925b0, 0x0000026b7d44aa20,
0x0000026b7d44b440, 0x0000026b7d44b950, 0x0000026b7d44a510, 0x0000026b7a495340,
0x0000026b7a495850, 0x0000026b7a496270, 0x0000026b859f2700, 0x0000026b859f08a0,
0x0000026b859f2c10, 0x0000026b8508ff60, 0x0000026b7c31db30, 0x0000026b7c31ef70,
0x0000026b7c31ea60, 0x0000026b7a495d60, 0x0000026b7ea986c0, 0x0000026b7ea97ca0,
0x0000026b84782950, 0x0000026b84783370, 0x0000026b84781f30, 0x0000026b85039ff0,
0x0000026b850390c0, 0x0000026b85090470, 0x0000026b7ea98bd0, 0x0000026b7ea990e0,
0x0000026b84f1f900, 0x0000026b84f1fe10, 0x0000026b7a496780, 0x0000026b7a496c90,
0x0000026b7a4934e0, 0x0000026b859f0db0, 0x0000026b84f1d590, 0x0000026b859f12c0,
0x0000026b7e551e40, 0x0000026b7e552d70, 0x0000026b840953d0, 0x0000026b84096300,
0x0000026b84096810, 0x0000026b7a4976b0, 0x0000026b7a4971a0, 0x0000026b7a493f00,
0x0000026b7a4980d0, 0x0000026b7a4985e0, 0x0000026b7a497bc0, 0x0000026b7a498af0
}

Java Threads: ( => current thread )
  0x0000026b0c811a30 JavaThread "main" [_thread_blocked, id=15496, stack(0x000000902ce00000,0x000000902cf00000)]
  0x0000026b3151bd10 JavaThread "Reference Handler" daemon [_thread_blocked, id=15412, stack(0x000000902d500000,0x000000902d600000)]
  0x0000026b3151c5e0 JavaThread "Finalizer" daemon [_thread_blocked, id=15572, stack(0x000000902d600000,0x000000902d700000)]
  0x0000026b3152d360 JavaThread "Signal Dispatcher" daemon [_thread_blocked, id=15472, stack(0x000000902d700000,0x000000902d800000)]
  0x0000026b3152dc30 JavaThread "Attach Listener" daemon [_thread_blocked, id=15444, stack(0x000000902d800000,0x000000902d900000)]
  0x0000026b3152e500 JavaThread "Service Thread" daemon [_thread_blocked, id=7320, stack(0x000000902d900000,0x000000902da00000)]
  0x0000026b3152edd0 JavaThread "Monitor Deflation Thread" daemon [_thread_blocked, id=15596, stack(0x000000902da00000,0x000000902db00000)]
=>0x0000026b31534a00 JavaThread "C2 CompilerThread0" daemon [_thread_in_native, id=15504, stack(0x000000902db00000,0x000000902dc00000)]
  0x0000026b3155f740 JavaThread "C1 CompilerThread0" daemon [_thread_blocked, id=16340, stack(0x000000902dc00000,0x000000902dd00000)]
  0x0000026b3157bd30 JavaThread "Sweeper thread" daemon [_thread_blocked, id=12136, stack(0x000000902dd00000,0x000000902de00000)]
  0x0000026b318020f0 JavaThread "Common-Cleaner" daemon [_thread_blocked, id=15396, stack(0x000000902de00000,0x000000902df00000)]
  0x0000026b319637b0 JavaThread "Notification Thread" daemon [_thread_blocked, id=16360, stack(0x000000902df00000,0x000000902e000000)]
  0x0000026b789465c0 JavaThread "Daemon health stats" [_thread_blocked, id=15948, stack(0x000000902e700000,0x000000902e800000)]
  0x0000026b7869c830 JavaThread "Incoming local TCP Connector on port 61298" [_thread_in_native, id=15964, stack(0x000000902e800000,0x000000902e900000)]
  0x0000026b78608f20 JavaThread "Daemon periodic checks" [_thread_blocked, id=15908, stack(0x000000902e900000,0x000000902ea00000)]
  0x0000026b7789da80 JavaThread "Cache worker for journal cache (C:\Users\ranim\.gradle\caches\journal-1)" [_thread_blocked, id=6284, stack(0x000000902f100000,0x000000902f200000)]
  0x0000026b7789c640 JavaThread "File lock request listener" [_thread_in_native, id=16292, stack(0x000000902f200000,0x000000902f300000)]
  0x0000026b7789e4a0 JavaThread "Cache worker for file hash cache (C:\Users\ranim\.gradle\caches\8.14\fileHashes)" [_thread_blocked, id=11812, stack(0x000000902f400000,0x000000902f500000)]
  0x0000026b77db32c0 JavaThread "File watcher server" daemon [_thread_in_native, id=15900, stack(0x000000902fa00000,0x000000902fb00000)]
  0x0000026b77db4c10 JavaThread "File watcher consumer" daemon [_thread_blocked, id=15972, stack(0x000000902fb00000,0x000000902fc00000)]
  0x0000026b77db2390 JavaThread "jar transforms" [_thread_blocked, id=15912, stack(0x000000902fc00000,0x000000902fd00000)]
  0x0000026b77db5120 JavaThread "jar transforms Thread 2" [_thread_blocked, id=13488, stack(0x000000902fd00000,0x000000902fe00000)]
  0x0000026b77db3ce0 JavaThread "jar transforms Thread 3" [_thread_blocked, id=8620, stack(0x000000902fe00000,0x000000902ff00000)]
  0x0000026b77db2db0 JavaThread "jar transforms Thread 4" [_thread_blocked, id=16096, stack(0x000000902ff00000,0x0000009030000000)]
  0x0000026b77db37d0 JavaThread "jar transforms Thread 5" [_thread_blocked, id=16084, stack(0x0000009030000000,0x0000009030100000)]
  0x0000026b7a492fd0 JavaThread "Cache worker for file content cache (C:\Users\ranim\.gradle\caches\8.14\fileContent)" [_thread_blocked, id=15624, stack(0x0000009030200000,0x0000009030300000)]
  0x0000026b7a4939f0 JavaThread "jar transforms Thread 6" [_thread_blocked, id=15552, stack(0x0000009030300000,0x0000009030400000)]
  0x0000026b7a492ac0 JavaThread "jar transforms Thread 7" [_thread_blocked, id=15448, stack(0x0000009030400000,0x0000009030500000)]
  0x0000026b7a4920a0 JavaThread "jar transforms Thread 8" [_thread_blocked, id=15432, stack(0x0000009030500000,0x0000009030600000)]
  0x0000026b7bf82e20 JavaThread "Memory manager" [_thread_blocked, id=12640, stack(0x0000009031e00000,0x0000009031f00000)]
  0x0000026b7c31d110 JavaThread "Daemon Thread 2" [_thread_blocked, id=708, stack(0x000000902cb00000,0x000000902cc00000)]
  0x0000026b86c58240 JavaThread "Handler for socket connection from /127.0.0.1:61298 to /127.0.0.1:60133" [_thread_in_native, id=6740, stack(0x000000902cc00000,0x000000902cd00000)]
  0x0000026b7d44af30 JavaThread "Cancel handler" [_thread_blocked, id=8008, stack(0x000000902cd00000,0x000000902ce00000)]
  0x0000026b7ea97790 JavaThread "Daemon worker Thread 2" [_thread_in_vm, id=14768, stack(0x000000902ea00000,0x000000902eb00000)]
  0x0000026b7bd01920 JavaThread "Asynchronous log dispatcher for DefaultDaemonConnection: socket connection from /127.0.0.1:61298 to /127.0.0.1:60133" [_thread_blocked, id=13912, stack(0x000000902eb00000,0x000000902ec00000)]
  0x0000026b7bd041a0 JavaThread "Stdin handler" [_thread_blocked, id=16020, stack(0x000000902ec00000,0x000000902ed00000)]
  0x0000026b7bd046b0 JavaThread "Daemon client event forwarder" [_thread_blocked, id=16164, stack(0x000000902ed00000,0x000000902ee00000)]
  0x0000026b7bd01e30 JavaThread "Cache worker for file hash cache (C:\Users\ranim\Desktop\ReportingApp\mobile\android\.gradle\8.14\fileHashes)" [_thread_blocked, id=11936, stack(0x000000902ee00000,0x000000902ef00000)]
  0x0000026b7bd03270 JavaThread "Cache worker for Build Output Cleanup Cache (C:\Users\ranim\Desktop\ReportingApp\mobile\android\.gradle\buildOutputCleanup)" [_thread_blocked, id=15876, stack(0x000000902ef00000,0x000000902f000000)]
  0x0000026b7bd02340 JavaThread "Cache worker for checksums cache (C:\Users\ranim\Desktop\ReportingApp\mobile\android\.gradle\8.14\checksums)" [_thread_blocked, id=3216, stack(0x000000902f000000,0x000000902f100000)]
  0x0000026b7e553790 JavaThread "Cache worker for cache directory md-supplier (C:\Users\ranim\.gradle\caches\8.14\md-supplier)" [_thread_blocked, id=12016, stack(0x000000902f300000,0x000000902f400000)]
  0x0000026b859f1ce0 JavaThread "Cache worker for cache directory md-rule (C:\Users\ranim\.gradle\caches\8.14\md-rule)" [_thread_blocked, id=15156, stack(0x000000902f700000,0x000000902f800000)]
  0x0000026b859f17d0 JavaThread "Cache worker for Build Output Cleanup Cache (C:\flutter\packages\flutter_tools\gradle\.gradle\buildOutputCleanup)" [_thread_blocked, id=9420, stack(0x000000902f800000,0x000000902f900000)]
  0x0000026b859f0390 JavaThread "Unconstrained build operations" [_thread_blocked, id=10792, stack(0x0000009030100000,0x0000009030200000)]
  0x0000026b859f21f0 JavaThread "Unconstrained build operations Thread 2" [_thread_blocked, id=14428, stack(0x0000009030600000,0x0000009030700000)]
  0x0000026b859f3120 JavaThread "Unconstrained build operations Thread 3" [_thread_blocked, id=7456, stack(0x0000009030700000,0x0000009030800000)]
  0x0000026b86c568f0 JavaThread "Unconstrained build operations Thread 4" [_thread_blocked, id=16264, stack(0x0000009030800000,0x0000009030900000)]
  0x0000026b86c559c0 JavaThread "Unconstrained build operations Thread 5" [_thread_blocked, id=12100, stack(0x0000009030900000,0x0000009030a00000)]
  0x0000026b86c56e00 JavaThread "Unconstrained build operations Thread 6" [_thread_blocked, id=1964, stack(0x0000009030a00000,0x0000009030b00000)]
  0x0000026b85037260 JavaThread "Unconstrained build operations Thread 7" [_thread_blocked, id=12236, stack(0x0000009030b00000,0x0000009030c00000)]
  0x0000026b86c57310 JavaThread "Unconstrained build operations Thread 8" [_thread_blocked, id=15304, stack(0x0000009030c00000,0x0000009030d00000)]
  0x0000026b86c58750 JavaThread "Unconstrained build operations Thread 9" [_thread_blocked, id=3528, stack(0x0000009030d00000,0x0000009030e00000)]
  0x0000026b86c57d30 JavaThread "Unconstrained build operations Thread 10" [_thread_blocked, id=10376, stack(0x0000009030e00000,0x0000009030f00000)]
  0x0000026b86c58c60 JavaThread "Unconstrained build operations Thread 11" [_thread_blocked, id=12972, stack(0x0000009030f00000,0x0000009031000000)]
  0x0000026b86c57820 JavaThread "Unconstrained build operations Thread 12" [_thread_blocked, id=2232, stack(0x0000009031000000,0x0000009031100000)]
  0x0000026b86c59170 JavaThread "Unconstrained build operations Thread 13" [_thread_blocked, id=9172, stack(0x0000009031100000,0x0000009031200000)]
  0x0000026b86c55ed0 JavaThread "Unconstrained build operations Thread 14" [_thread_blocked, id=10004, stack(0x0000009031200000,0x0000009031300000)]
  0x0000026b7a494e30 JavaThread "build event listener" [_thread_blocked, id=1676, stack(0x0000009031300000,0x0000009031400000)]
  0x0000026b7a4925b0 JavaThread "included builds" [_thread_blocked, id=1484, stack(0x0000009031400000,0x0000009031500000)]
  0x0000026b7d44aa20 JavaThread "Execution worker" [_thread_blocked, id=12580, stack(0x0000009031500000,0x0000009031600000)]
  0x0000026b7d44b440 JavaThread "Execution worker Thread 2" [_thread_blocked, id=14820, stack(0x0000009031600000,0x0000009031700000)]
  0x0000026b7d44b950 JavaThread "Execution worker Thread 3" [_thread_blocked, id=14816, stack(0x0000009031700000,0x0000009031800000)]
  0x0000026b7d44a510 JavaThread "Execution worker Thread 4" [_thread_blocked, id=13216, stack(0x0000009031800000,0x0000009031900000)]
  0x0000026b7a495340 JavaThread "Execution worker Thread 5" [_thread_blocked, id=11432, stack(0x0000009031900000,0x0000009031a00000)]
  0x0000026b7a495850 JavaThread "Execution worker Thread 6" [_thread_blocked, id=12296, stack(0x0000009031a00000,0x0000009031b00000)]
  0x0000026b7a496270 JavaThread "Execution worker Thread 7" [_thread_blocked, id=8440, stack(0x0000009031b00000,0x0000009031c00000)]
  0x0000026b859f2700 JavaThread "Cache worker for execution history cache (C:\flutter\packages\flutter_tools\gradle\.gradle\8.14\executionHistory)" [_thread_blocked, id=5684, stack(0x0000009031c00000,0x0000009031d00000)]
  0x0000026b859f08a0 JavaThread "Unconstrained build operations Thread 15" [_thread_blocked, id=15384, stack(0x0000009031d00000,0x0000009031e00000)]
  0x0000026b859f2c10 JavaThread "Unconstrained build operations Thread 16" [_thread_blocked, id=15440, stack(0x0000009031f00000,0x0000009032000000)]
  0x0000026b8508ff60 JavaThread "Unconstrained build operations Thread 17" [_thread_blocked, id=11680, stack(0x0000009032000000,0x0000009032100000)]
  0x0000026b7c31db30 JavaThread "Unconstrained build operations Thread 18" [_thread_blocked, id=8700, stack(0x0000009032100000,0x0000009032200000)]
  0x0000026b7c31ef70 JavaThread "Unconstrained build operations Thread 19" [_thread_blocked, id=16136, stack(0x0000009032200000,0x0000009032300000)]
  0x0000026b7c31ea60 JavaThread "Unconstrained build operations Thread 20" [_thread_blocked, id=15848, stack(0x0000009032300000,0x0000009032400000)]
  0x0000026b7a495d60 JavaThread "Unconstrained build operations Thread 21" [_thread_blocked, id=16348, stack(0x0000009032400000,0x0000009032500000)]
  0x0000026b7ea986c0 JavaThread "Unconstrained build operations Thread 22" [_thread_blocked, id=12396, stack(0x0000009032500000,0x0000009032600000)]
  0x0000026b7ea97ca0 JavaThread "Unconstrained build operations Thread 23" [_thread_blocked, id=3012, stack(0x0000009032600000,0x0000009032700000)]
  0x0000026b84782950 JavaThread "Unconstrained build operations Thread 24" [_thread_blocked, id=12896, stack(0x0000009032700000,0x0000009032800000)]
  0x0000026b84783370 JavaThread "Unconstrained build operations Thread 25" [_thread_blocked, id=12684, stack(0x0000009032800000,0x0000009032900000)]
  0x0000026b84781f30 JavaThread "Unconstrained build operations Thread 26" [_thread_blocked, id=12164, stack(0x0000009032900000,0x0000009032a00000)]
  0x0000026b85039ff0 JavaThread "Unconstrained build operations Thread 27" [_thread_blocked, id=2088, stack(0x0000009032a00000,0x0000009032b00000)]
  0x0000026b850390c0 JavaThread "Unconstrained build operations Thread 28" [_thread_blocked, id=9624, stack(0x0000009032b00000,0x0000009032c00000)]
  0x0000026b85090470 JavaThread "Unconstrained build operations Thread 29" [_thread_blocked, id=15152, stack(0x0000009032c00000,0x0000009032d00000)]
  0x0000026b7ea98bd0 JavaThread "Unconstrained build operations Thread 30" [_thread_blocked, id=14140, stack(0x0000009032d00000,0x0000009032e00000)]
  0x0000026b7ea990e0 JavaThread "WorkerExecutor Queue" [_thread_blocked, id=9116, stack(0x0000009032e00000,0x0000009032f00000)]
  0x0000026b84f1f900 JavaThread "RMI Scheduler(0)" daemon [_thread_blocked, id=14596, stack(0x0000009032f00000,0x0000009033000000)]
  0x0000026b84f1fe10 JavaThread "RMI RenewClean-[127.0.0.1:17560,org.jetbrains.kotlin.daemon.common.LoopbackNetworkInterface$ClientLoopbackSocketFactory@242858e7]" daemon [_thread_blocked, id=13640, stack(0x0000009033000000,0x0000009033100000)]
  0x0000026b7a496780 JavaThread "RMI GC Daemon" daemon [_thread_blocked, id=7208, stack(0x0000009033100000,0x0000009033200000)]
  0x0000026b7a496c90 JavaThread "RMI TCP Accept-0" daemon [_thread_in_native, id=5272, stack(0x0000009033200000,0x0000009033300000)]
  0x0000026b7a4934e0 JavaThread "RMI Reaper" [_thread_blocked, id=7364, stack(0x0000009033300000,0x0000009033400000)]
  0x0000026b859f0db0 JavaThread "RMI TCP Connection(2)-127.0.0.1" daemon [_thread_in_native, id=3436, stack(0x0000009033400000,0x0000009033500000)]
  0x0000026b84f1d590 JavaThread "Unconstrained build operations Thread 31" [_thread_blocked, id=11240, stack(0x0000009033500000,0x0000009033600000)]
  0x0000026b859f12c0 JavaThread "Unconstrained build operations Thread 32" [_thread_blocked, id=13272, stack(0x0000009033600000,0x0000009033700000)]
  0x0000026b7e551e40 JavaThread "Unconstrained build operations Thread 33" [_thread_blocked, id=3328, stack(0x0000009033700000,0x0000009033800000)]
  0x0000026b7e552d70 JavaThread "Unconstrained build operations Thread 34" [_thread_blocked, id=6900, stack(0x0000009033800000,0x0000009033900000)]
  0x0000026b840953d0 JavaThread "Unconstrained build operations Thread 35" [_thread_blocked, id=14300, stack(0x0000009033900000,0x0000009033a00000)]
  0x0000026b84096300 JavaThread "Unconstrained build operations Thread 36" [_thread_blocked, id=10640, stack(0x0000009033a00000,0x0000009033b00000)]
  0x0000026b84096810 JavaThread "Unconstrained build operations Thread 37" [_thread_blocked, id=2808, stack(0x0000009033b00000,0x0000009033c00000)]
  0x0000026b7a4976b0 JavaThread "Unconstrained build operations Thread 38" [_thread_blocked, id=2220, stack(0x0000009033c00000,0x0000009033d00000)]
  0x0000026b7a4971a0 JavaThread "Unconstrained build operations Thread 39" [_thread_blocked, id=14604, stack(0x0000009033d00000,0x0000009033e00000)]
  0x0000026b7a493f00 JavaThread "Unconstrained build operations Thread 40" [_thread_blocked, id=4552, stack(0x0000009033e00000,0x0000009033f00000)]
  0x0000026b7a4980d0 JavaThread "Unconstrained build operations Thread 41" [_thread_blocked, id=1700, stack(0x0000009033f00000,0x0000009034000000)]
  0x0000026b7a4985e0 JavaThread "Unconstrained build operations Thread 42" [_thread_blocked, id=15436, stack(0x0000009034000000,0x0000009034100000)]
  0x0000026b7a497bc0 JavaThread "Unconstrained build operations Thread 43" [_thread_blocked, id=7636, stack(0x0000009034100000,0x0000009034200000)]
  0x0000026b7a498af0 JavaThread "Unconstrained build operations Thread 44" [_thread_blocked, id=11296, stack(0x0000009034200000,0x0000009034300000)]

Other Threads:
  0x0000026b31711d00 VMThread "VM Thread" [stack: 0x000000902d400000,0x000000902d500000] [id=15560]
  0x0000026b319091e0 WatcherThread [stack: 0x000000902e000000,0x000000902e100000] [id=15556]
  0x0000026b0c8808e0 GCTaskThread "GC Thread#0" [stack: 0x000000902cf00000,0x000000902d000000] [id=15632]
  0x0000026b7708a5b0 GCTaskThread "GC Thread#1" [stack: 0x000000902e100000,0x000000902e200000] [id=15724]
  0x0000026b7708a870 GCTaskThread "GC Thread#2" [stack: 0x000000902e200000,0x000000902e300000] [id=15712]
  0x0000026b7708ab30 GCTaskThread "GC Thread#3" [stack: 0x000000902e300000,0x000000902e400000] [id=15732]
  0x0000026b77c61a40 GCTaskThread "GC Thread#4" [stack: 0x000000902e400000,0x000000902e500000] [id=2764]
  0x0000026b78a01680 GCTaskThread "GC Thread#5" [stack: 0x000000902e600000,0x000000902e700000] [id=12912]
  0x0000026b78a013c0 GCTaskThread "GC Thread#6" [stack: 0x000000902f500000,0x000000902f600000] [id=16032]
  0x0000026b78a02440 GCTaskThread "GC Thread#7" [stack: 0x000000902f600000,0x000000902f700000] [id=15952]
  0x0000026b0c892410 ConcurrentGCThread "G1 Main Marker" [stack: 0x000000902d000000,0x000000902d100000] [id=16344]
  0x0000026b0c892d40 ConcurrentGCThread "G1 Conc#0" [stack: 0x000000902d100000,0x000000902d200000] [id=15452]
  0x0000026b78a01100 ConcurrentGCThread "G1 Conc#1" [stack: 0x000000902f900000,0x000000902fa00000] [id=15692]
  0x0000026b0c8be380 ConcurrentGCThread "G1 Refine#0" [stack: 0x000000902d200000,0x000000902d300000] [id=6356]
  0x0000026b319669c0 ConcurrentGCThread "G1 Refine#1" [stack: 0x000000902e500000,0x000000902e600000] [id=15584]
  0x0000026b7d1bb2c0 ConcurrentGCThread "G1 Refine#2" [stack: 0x0000009036800000,0x0000009036900000] [id=8]
  0x0000026b7bfcd720 ConcurrentGCThread "G1 Refine#3" [stack: 0x0000009036900000,0x0000009036a00000] [id=11324]
  0x0000026b7bfcc290 ConcurrentGCThread "G1 Refine#4" [stack: 0x0000009036a00000,0x0000009036b00000] [id=14412]
  0x0000026b84f711e0 ConcurrentGCThread "G1 Refine#5" [stack: 0x0000009036b00000,0x0000009036c00000] [id=1976]
  0x0000026b84f72090 ConcurrentGCThread "G1 Refine#6" [stack: 0x0000009036c00000,0x0000009036d00000] [id=14540]
  0x0000026b31451550 ConcurrentGCThread "G1 Service" [stack: 0x000000902d300000,0x000000902d400000] [id=15364]

Threads with active compile tasks:
C2 CompilerThread0  755664 41278   !   4       org.gradle.internal.execution.impl.DefaultInputFingerprinter$InputCollectingVisitor::visitInputFileProperty (135 bytes)

VM state: not at safepoint (normal execution)

VM Mutex/Monitor currently owned by a thread: None

Heap address: 0x0000000700000000, size: 4096 MB, Compressed Oops mode: Zero based, Oop shift amount: 3

CDS archive(s) mapped at: [0x0000026b32000000-0x0000026b32bb0000-0x0000026b32bb0000), size 12255232, SharedBaseAddress: 0x0000026b32000000, ArchiveRelocationMode: 1.
Compressed class space mapped at: 0x0000026b33000000-0x0000026b73000000, reserved size: 1073741824
Narrow klass base: 0x0000026b32000000, Narrow klass shift: 0, Narrow klass range: 0x100000000

GC Precious Log:
 CPUs: 8 total, 8 available
 Memory: 12022M
 Large Page Support: Disabled
 NUMA Support: Disabled
 Compressed Oops: Enabled (Zero based)
 Heap Region Size: 2M
 Heap Min Capacity: 8M
 Heap Initial Capacity: 188M
 Heap Max Capacity: 4G
 Pre-touch: Disabled
 Parallel Workers: 8
 Concurrent Workers: 2
 Concurrent Refinement Workers: 8
 Periodic GC: Disabled

Heap:
 garbage-first heap   total 1017856K, used 809628K [0x0000000700000000, 0x0000000800000000)
  region size 2048K, 187 young (382976K), 15 survivors (30720K)
 Metaspace       used 202750K, committed 204800K, reserved 1245184K
  class space    used 25974K, committed 26944K, reserved 1048576K

Heap Regions: E=young(eden), S=young(survivor), O=old, HS=humongous(starts), HC=humongous(continues), CS=collection set, F=free, OA=open archive, CA=closed archive, TAMS=top-at-mark-start (previous, next)
|   0|0x0000000700000000, 0x0000000700200000, 0x0000000700200000|100%|HS|  |TAMS 0x0000000700200000, 0x0000000700000000| Complete 
|   1|0x0000000700200000, 0x0000000700400000, 0x0000000700400000|100%|HC|  |TAMS 0x0000000700400000, 0x0000000700200000| Complete 
|   2|0x0000000700400000, 0x0000000700600000, 0x0000000700600000|100%| O|  |TAMS 0x0000000700600000, 0x0000000700400000| Untracked 
|   3|0x0000000700600000, 0x0000000700800000, 0x0000000700800000|100%| O|  |TAMS 0x0000000700800000, 0x0000000700600000| Untracked 
|   4|0x0000000700800000, 0x0000000700a00000, 0x0000000700a00000|100%| O|  |TAMS 0x0000000700a00000, 0x0000000700800000| Untracked 
|   5|0x0000000700a00000, 0x0000000700c00000, 0x0000000700c00000|100%| O|  |TAMS 0x0000000700c00000, 0x0000000700a00000| Untracked 
|   6|0x0000000700c00000, 0x0000000700e00000, 0x0000000700e00000|100%| O|  |TAMS 0x0000000700e00000, 0x0000000700c00000| Untracked 
|   7|0x0000000700e00000, 0x0000000701000000, 0x0000000701000000|100%| O|  |TAMS 0x0000000701000000, 0x0000000700e00000| Untracked 
|   8|0x0000000701000000, 0x0000000701200000, 0x0000000701200000|100%| O|  |TAMS 0x0000000701200000, 0x0000000701000000| Untracked 
|   9|0x0000000701200000, 0x0000000701400000, 0x0000000701400000|100%| O|  |TAMS 0x0000000701400000, 0x0000000701200000| Untracked 
|  10|0x0000000701400000, 0x0000000701600000, 0x0000000701600000|100%| O|  |TAMS 0x0000000701600000, 0x0000000701400000| Untracked 
|  11|0x0000000701600000, 0x0000000701800000, 0x0000000701800000|100%| O|  |TAMS 0x0000000701800000, 0x0000000701600000| Untracked 
|  12|0x0000000701800000, 0x0000000701a00000, 0x0000000701a00000|100%| O|  |TAMS 0x0000000701a00000, 0x0000000701800000| Untracked 
|  13|0x0000000701a00000, 0x0000000701c00000, 0x0000000701c00000|100%| O|  |TAMS 0x0000000701c00000, 0x0000000701a00000| Untracked 
|  14|0x0000000701c00000, 0x0000000701e00000, 0x0000000701e00000|100%| O|  |TAMS 0x0000000701e00000, 0x0000000701c00000| Untracked 
|  15|0x0000000701e00000, 0x0000000702000000, 0x0000000702000000|100%| O|  |TAMS 0x0000000702000000, 0x0000000701e00000| Untracked 
|  16|0x0000000702000000, 0x0000000702200000, 0x0000000702200000|100%| O|  |TAMS 0x0000000702200000, 0x0000000702000000| Untracked 
|  17|0x0000000702200000, 0x0000000702400000, 0x0000000702400000|100%| O|  |TAMS 0x0000000702400000, 0x0000000702200000| Untracked 
|  18|0x0000000702400000, 0x0000000702600000, 0x0000000702600000|100%| O|  |TAMS 0x0000000702600000, 0x0000000702400000| Untracked 
|  19|0x0000000702600000, 0x0000000702800000, 0x0000000702800000|100%| O|  |TAMS 0x0000000702800000, 0x0000000702600000| Untracked 
|  20|0x0000000702800000, 0x0000000702a00000, 0x0000000702a00000|100%| O|  |TAMS 0x0000000702a00000, 0x0000000702800000| Untracked 
|  21|0x0000000702a00000, 0x0000000702c00000, 0x0000000702c00000|100%| O|  |TAMS 0x0000000702c00000, 0x0000000702a00000| Untracked 
|  22|0x0000000702c00000, 0x0000000702e00000, 0x0000000702e00000|100%|HS|  |TAMS 0x0000000702e00000, 0x0000000702c00000| Complete 
|  23|0x0000000702e00000, 0x0000000703000000, 0x0000000703000000|100%|HS|  |TAMS 0x0000000703000000, 0x0000000702e00000| Complete 
|  24|0x0000000703000000, 0x0000000703200000, 0x0000000703200000|100%|HS|  |TAMS 0x0000000703200000, 0x0000000703000000| Complete 
|  25|0x0000000703200000, 0x0000000703400000, 0x0000000703400000|100%|HC|  |TAMS 0x0000000703400000, 0x0000000703200000| Complete 
|  26|0x0000000703400000, 0x0000000703600000, 0x0000000703600000|100%| O|  |TAMS 0x0000000703400000, 0x0000000703400000| Untracked 
|  27|0x0000000703600000, 0x0000000703800000, 0x0000000703800000|100%| O|  |TAMS 0x0000000703800000, 0x0000000703600000| Untracked 
|  28|0x0000000703800000, 0x0000000703a00000, 0x0000000703a00000|100%| O|  |TAMS 0x0000000703a00000, 0x0000000703800000| Untracked 
|  29|0x0000000703a00000, 0x0000000703c00000, 0x0000000703c00000|100%|HS|  |TAMS 0x0000000703c00000, 0x0000000703a00000| Complete 
|  30|0x0000000703c00000, 0x0000000703e00000, 0x0000000703e00000|100%|HC|  |TAMS 0x0000000703e00000, 0x0000000703c00000| Complete 
|  31|0x0000000703e00000, 0x0000000704000000, 0x0000000704000000|100%| O|  |TAMS 0x0000000704000000, 0x0000000703e00000| Untracked 
|  32|0x0000000704000000, 0x0000000704200000, 0x0000000704200000|100%| O|  |TAMS 0x0000000704200000, 0x0000000704000000| Untracked 
|  33|0x0000000704200000, 0x0000000704400000, 0x0000000704400000|100%| O|  |TAMS 0x0000000704400000, 0x0000000704200000| Untracked 
|  34|0x0000000704400000, 0x0000000704600000, 0x0000000704600000|100%|HS|  |TAMS 0x0000000704400000, 0x0000000704400000| Complete 
|  35|0x0000000704600000, 0x0000000704800000, 0x0000000704800000|100%| O|  |TAMS 0x0000000704800000, 0x0000000704600000| Untracked 
|  36|0x0000000704800000, 0x0000000704a00000, 0x0000000704a00000|100%| O|  |TAMS 0x0000000704a00000, 0x0000000704800000| Untracked 
|  37|0x0000000704a00000, 0x0000000704c00000, 0x0000000704c00000|100%| O|  |TAMS 0x0000000704c00000, 0x0000000704a00000| Untracked 
|  38|0x0000000704c00000, 0x0000000704e00000, 0x0000000704e00000|100%| O|  |TAMS 0x0000000704e00000, 0x0000000704c00000| Untracked 
|  39|0x0000000704e00000, 0x0000000705000000, 0x0000000705000000|100%| O|  |TAMS 0x0000000705000000, 0x0000000704e00000| Untracked 
|  40|0x0000000705000000, 0x0000000705200000, 0x0000000705200000|100%| O|  |TAMS 0x0000000705200000, 0x0000000705000000| Untracked 
|  41|0x0000000705200000, 0x0000000705400000, 0x0000000705400000|100%| O|  |TAMS 0x0000000705400000, 0x0000000705200000| Untracked 
|  42|0x0000000705400000, 0x0000000705600000, 0x0000000705600000|100%|HS|  |TAMS 0x0000000705600000, 0x0000000705400000| Complete 
|  43|0x0000000705600000, 0x0000000705800000, 0x0000000705800000|100%|HS|  |TAMS 0x0000000705800000, 0x0000000705600000| Complete 
|  44|0x0000000705800000, 0x0000000705a00000, 0x0000000705a00000|100%| O|  |TAMS 0x0000000705a00000, 0x0000000705800000| Untracked 
|  45|0x0000000705a00000, 0x0000000705c00000, 0x0000000705c00000|100%| O|  |TAMS 0x0000000705c00000, 0x0000000705a00000| Untracked 
|  46|0x0000000705c00000, 0x0000000705e00000, 0x0000000705e00000|100%| O|  |TAMS 0x0000000705e00000, 0x0000000705c00000| Untracked 
|  47|0x0000000705e00000, 0x0000000706000000, 0x0000000706000000|100%| O|  |TAMS 0x0000000706000000, 0x0000000705e00000| Untracked 
|  48|0x0000000706000000, 0x0000000706200000, 0x0000000706200000|100%| O|  |TAMS 0x0000000706200000, 0x0000000706000000| Untracked 
|  49|0x0000000706200000, 0x0000000706400000, 0x0000000706400000|100%| O|  |TAMS 0x0000000706400000, 0x0000000706200000| Untracked 
|  50|0x0000000706400000, 0x0000000706600000, 0x0000000706600000|100%| O|  |TAMS 0x0000000706600000, 0x0000000706400000| Untracked 
|  51|0x0000000706600000, 0x0000000706800000, 0x0000000706800000|100%| O|  |TAMS 0x0000000706800000, 0x0000000706600000| Untracked 
|  52|0x0000000706800000, 0x0000000706a00000, 0x0000000706a00000|100%| O|  |TAMS 0x0000000706a00000, 0x0000000706800000| Untracked 
|  53|0x0000000706a00000, 0x0000000706c00000, 0x0000000706c00000|100%| O|  |TAMS 0x0000000706c00000, 0x0000000706a00000| Untracked 
|  54|0x0000000706c00000, 0x0000000706e00000, 0x0000000706e00000|100%| O|  |TAMS 0x0000000706e00000, 0x0000000706c00000| Untracked 
|  55|0x0000000706e00000, 0x0000000707000000, 0x0000000707000000|100%| O|  |TAMS 0x0000000707000000, 0x0000000706e00000| Untracked 
|  56|0x0000000707000000, 0x0000000707200000, 0x0000000707200000|100%| O|  |TAMS 0x0000000707200000, 0x0000000707000000| Untracked 
|  57|0x0000000707200000, 0x0000000707400000, 0x0000000707400000|100%| O|  |TAMS 0x0000000707400000, 0x0000000707200000| Untracked 
|  58|0x0000000707400000, 0x0000000707600000, 0x0000000707600000|100%| O|  |TAMS 0x0000000707600000, 0x0000000707400000| Untracked 
|  59|0x0000000707600000, 0x0000000707800000, 0x0000000707800000|100%| O|  |TAMS 0x0000000707800000, 0x0000000707600000| Untracked 
|  60|0x0000000707800000, 0x0000000707a00000, 0x0000000707a00000|100%| O|  |TAMS 0x0000000707a00000, 0x0000000707800000| Untracked 
|  61|0x0000000707a00000, 0x0000000707c00000, 0x0000000707c00000|100%| O|  |TAMS 0x0000000707c00000, 0x0000000707a00000| Untracked 
|  62|0x0000000707c00000, 0x0000000707e00000, 0x0000000707e00000|100%| O|  |TAMS 0x0000000707c00000, 0x0000000707c00000| Untracked 
|  63|0x0000000707e00000, 0x0000000708000000, 0x0000000708000000|100%| O|  |TAMS 0x0000000708000000, 0x0000000707e00000| Untracked 
|  64|0x0000000708000000, 0x0000000708200000, 0x0000000708200000|100%| O|  |TAMS 0x0000000708200000, 0x0000000708000000| Untracked 
|  65|0x0000000708200000, 0x0000000708400000, 0x0000000708400000|100%| O|  |TAMS 0x0000000708400000, 0x0000000708200000| Untracked 
|  66|0x0000000708400000, 0x0000000708600000, 0x0000000708600000|100%| O|  |TAMS 0x0000000708600000, 0x0000000708400000| Untracked 
|  67|0x0000000708600000, 0x0000000708800000, 0x0000000708800000|100%| O|  |TAMS 0x0000000708800000, 0x0000000708600000| Untracked 
|  68|0x0000000708800000, 0x0000000708a00000, 0x0000000708a00000|100%| O|  |TAMS 0x0000000708a00000, 0x0000000708800000| Untracked 
|  69|0x0000000708a00000, 0x0000000708c00000, 0x0000000708c00000|100%| O|  |TAMS 0x0000000708c00000, 0x0000000708a00000| Untracked 
|  70|0x0000000708c00000, 0x0000000708e00000, 0x0000000708e00000|100%| O|  |TAMS 0x0000000708c00000, 0x0000000708c00000| Untracked 
|  71|0x0000000708e00000, 0x0000000709000000, 0x0000000709000000|100%| O|  |TAMS 0x0000000708e00000, 0x0000000708e00000| Untracked 
|  72|0x0000000709000000, 0x0000000709200000, 0x0000000709200000|100%| O|  |TAMS 0x0000000709000000, 0x0000000709000000| Untracked 
|  73|0x0000000709200000, 0x0000000709400000, 0x0000000709400000|100%| O|  |TAMS 0x0000000709400000, 0x0000000709200000| Untracked 
|  74|0x0000000709400000, 0x0000000709600000, 0x0000000709600000|100%| O|  |TAMS 0x0000000709600000, 0x0000000709400000| Untracked 
|  75|0x0000000709600000, 0x0000000709800000, 0x0000000709800000|100%| O|  |TAMS 0x0000000709800000, 0x0000000709600000| Untracked 
|  76|0x0000000709800000, 0x0000000709a00000, 0x0000000709a00000|100%| O|  |TAMS 0x0000000709a00000, 0x0000000709800000| Untracked 
|  77|0x0000000709a00000, 0x0000000709c00000, 0x0000000709c00000|100%| O|  |TAMS 0x0000000709c00000, 0x0000000709a00000| Untracked 
|  78|0x0000000709c00000, 0x0000000709e00000, 0x0000000709e00000|100%| O|  |TAMS 0x0000000709e00000, 0x0000000709c00000| Untracked 
|  79|0x0000000709e00000, 0x000000070a000000, 0x000000070a000000|100%| O|  |TAMS 0x000000070a000000, 0x0000000709e00000| Untracked 
|  80|0x000000070a000000, 0x000000070a200000, 0x000000070a200000|100%| O|  |TAMS 0x000000070a200000, 0x000000070a000000| Untracked 
|  81|0x000000070a200000, 0x000000070a400000, 0x000000070a400000|100%| O|  |TAMS 0x000000070a400000, 0x000000070a200000| Untracked 
|  82|0x000000070a400000, 0x000000070a600000, 0x000000070a600000|100%| O|  |TAMS 0x000000070a600000, 0x000000070a400000| Untracked 
|  83|0x000000070a600000, 0x000000070a800000, 0x000000070a800000|100%| O|  |TAMS 0x000000070a800000, 0x000000070a600000| Untracked 
|  84|0x000000070a800000, 0x000000070aa00000, 0x000000070aa00000|100%| O|  |TAMS 0x000000070aa00000, 0x000000070a800000| Untracked 
|  85|0x000000070aa00000, 0x000000070ac00000, 0x000000070ac00000|100%| O|  |TAMS 0x000000070ac00000, 0x000000070aa00000| Untracked 
|  86|0x000000070ac00000, 0x000000070ae00000, 0x000000070ae00000|100%| O|  |TAMS 0x000000070ae00000, 0x000000070ac00000| Untracked 
|  87|0x000000070ae00000, 0x000000070b000000, 0x000000070b000000|100%| O|  |TAMS 0x000000070b000000, 0x000000070ae00000| Untracked 
|  88|0x000000070b000000, 0x000000070b200000, 0x000000070b200000|100%| O|  |TAMS 0x000000070b200000, 0x000000070b000000| Untracked 
|  89|0x000000070b200000, 0x000000070b400000, 0x000000070b400000|100%| O|  |TAMS 0x000000070b400000, 0x000000070b200000| Untracked 
|  90|0x000000070b400000, 0x000000070b600000, 0x000000070b600000|100%| O|  |TAMS 0x000000070b600000, 0x000000070b400000| Untracked 
|  91|0x000000070b600000, 0x000000070b800000, 0x000000070b800000|100%| O|  |TAMS 0x000000070b800000, 0x000000070b600000| Untracked 
|  92|0x000000070b800000, 0x000000070ba00000, 0x000000070ba00000|100%| O|  |TAMS 0x000000070ba00000, 0x000000070b800000| Untracked 
|  93|0x000000070ba00000, 0x000000070bc00000, 0x000000070bc00000|100%| O|  |TAMS 0x000000070bc00000, 0x000000070ba00000| Untracked 
|  94|0x000000070bc00000, 0x000000070be00000, 0x000000070be00000|100%| O|  |TAMS 0x000000070be00000, 0x000000070bc00000| Untracked 
|  95|0x000000070be00000, 0x000000070c000000, 0x000000070c000000|100%| O|  |TAMS 0x000000070c000000, 0x000000070be00000| Untracked 
|  96|0x000000070c000000, 0x000000070c200000, 0x000000070c200000|100%| O|  |TAMS 0x000000070c200000, 0x000000070c000000| Untracked 
|  97|0x000000070c200000, 0x000000070c400000, 0x000000070c400000|100%| O|  |TAMS 0x000000070c400000, 0x000000070c200000| Untracked 
|  98|0x000000070c400000, 0x000000070c600000, 0x000000070c600000|100%| O|  |TAMS 0x000000070c600000, 0x000000070c400000| Untracked 
|  99|0x000000070c600000, 0x000000070c800000, 0x000000070c800000|100%| O|  |TAMS 0x000000070c800000, 0x000000070c600000| Untracked 
| 100|0x000000070c800000, 0x000000070ca00000, 0x000000070ca00000|100%| O|  |TAMS 0x000000070ca00000, 0x000000070c800000| Untracked 
| 101|0x000000070ca00000, 0x000000070cc00000, 0x000000070cc00000|100%| O|  |TAMS 0x000000070cc00000, 0x000000070ca00000| Untracked 
| 102|0x000000070cc00000, 0x000000070ce00000, 0x000000070ce00000|100%| O|  |TAMS 0x000000070ce00000, 0x000000070cc00000| Untracked 
| 103|0x000000070ce00000, 0x000000070d000000, 0x000000070d000000|100%| O|  |TAMS 0x000000070ce00000, 0x000000070ce00000| Untracked 
| 104|0x000000070d000000, 0x000000070d200000, 0x000000070d200000|100%| O|  |TAMS 0x000000070d1d1a00, 0x000000070d000000| Untracked 
| 105|0x000000070d200000, 0x000000070d400000, 0x000000070d400000|100%| O|  |TAMS 0x000000070d200000, 0x000000070d200000| Untracked 
| 106|0x000000070d400000, 0x000000070d600000, 0x000000070d600000|100%| O|  |TAMS 0x000000070d400000, 0x000000070d400000| Untracked 
| 107|0x000000070d600000, 0x000000070d800000, 0x000000070d800000|100%| O|  |TAMS 0x000000070d600000, 0x000000070d600000| Untracked 
| 108|0x000000070d800000, 0x000000070da00000, 0x000000070da00000|100%| O|  |TAMS 0x000000070d800000, 0x000000070d800000| Untracked 
| 109|0x000000070da00000, 0x000000070dc00000, 0x000000070dc00000|100%| O|  |TAMS 0x000000070da00000, 0x000000070da00000| Untracked 
| 110|0x000000070dc00000, 0x000000070de00000, 0x000000070de00000|100%| O|  |TAMS 0x000000070dc00000, 0x000000070dc00000| Untracked 
| 111|0x000000070de00000, 0x000000070e000000, 0x000000070e000000|100%| O|  |TAMS 0x000000070de00000, 0x000000070de00000| Untracked 
| 112|0x000000070e000000, 0x000000070e200000, 0x000000070e200000|100%| O|  |TAMS 0x000000070e000000, 0x000000070e000000| Untracked 
| 113|0x000000070e200000, 0x000000070e400000, 0x000000070e400000|100%| O|  |TAMS 0x000000070e200000, 0x000000070e200000| Untracked 
| 114|0x000000070e400000, 0x000000070e600000, 0x000000070e600000|100%| O|  |TAMS 0x000000070e400000, 0x000000070e400000| Untracked 
| 115|0x000000070e600000, 0x000000070e800000, 0x000000070e800000|100%| O|  |TAMS 0x000000070e600000, 0x000000070e600000| Untracked 
| 116|0x000000070e800000, 0x000000070ea00000, 0x000000070ea00000|100%| O|  |TAMS 0x000000070e800000, 0x000000070e800000| Untracked 
| 117|0x000000070ea00000, 0x000000070ec00000, 0x000000070ec00000|100%| O|  |TAMS 0x000000070ea00000, 0x000000070ea00000| Untracked 
| 118|0x000000070ec00000, 0x000000070ee00000, 0x000000070ee00000|100%| O|  |TAMS 0x000000070ec00000, 0x000000070ec00000| Untracked 
| 119|0x000000070ee00000, 0x000000070f000000, 0x000000070f000000|100%| O|  |TAMS 0x000000070ee00000, 0x000000070ee00000| Untracked 
| 120|0x000000070f000000, 0x000000070f200000, 0x000000070f200000|100%| O|  |TAMS 0x000000070f000000, 0x000000070f000000| Untracked 
| 121|0x000000070f200000, 0x000000070f400000, 0x000000070f400000|100%| O|  |TAMS 0x000000070f200000, 0x000000070f200000| Untracked 
| 122|0x000000070f400000, 0x000000070f600000, 0x000000070f600000|100%| O|  |TAMS 0x000000070f400000, 0x000000070f400000| Untracked 
| 123|0x000000070f600000, 0x000000070f800000, 0x000000070f800000|100%| O|  |TAMS 0x000000070f600000, 0x000000070f600000| Untracked 
| 124|0x000000070f800000, 0x000000070fa00000, 0x000000070fa00000|100%| O|  |TAMS 0x000000070f800000, 0x000000070f800000| Untracked 
| 125|0x000000070fa00000, 0x000000070fc00000, 0x000000070fc00000|100%|HS|  |TAMS 0x000000070fa00000, 0x000000070fa00000| Complete 
| 126|0x000000070fc00000, 0x000000070fe00000, 0x000000070fe00000|100%|HS|  |TAMS 0x000000070fc00000, 0x000000070fc00000| Complete 
| 127|0x000000070fe00000, 0x0000000710000000, 0x0000000710000000|100%|HC|  |TAMS 0x000000070fe00000, 0x000000070fe00000| Complete 
| 128|0x0000000710000000, 0x0000000710200000, 0x0000000710200000|100%| O|  |TAMS 0x0000000710000000, 0x0000000710000000| Untracked 
| 129|0x0000000710200000, 0x0000000710400000, 0x0000000710400000|100%| O|  |TAMS 0x0000000710200000, 0x0000000710200000| Untracked 
| 130|0x0000000710400000, 0x0000000710600000, 0x0000000710600000|100%|HS|  |TAMS 0x0000000710400000, 0x0000000710400000| Complete 
| 131|0x0000000710600000, 0x0000000710800000, 0x0000000710800000|100%| O|  |TAMS 0x0000000710600000, 0x0000000710600000| Untracked 
| 132|0x0000000710800000, 0x0000000710a00000, 0x0000000710a00000|100%| O|  |TAMS 0x0000000710800000, 0x0000000710800000| Untracked 
| 133|0x0000000710a00000, 0x0000000710c00000, 0x0000000710c00000|100%| O|  |TAMS 0x0000000710a00000, 0x0000000710a00000| Untracked 
| 134|0x0000000710c00000, 0x0000000710e00000, 0x0000000710e00000|100%| O|  |TAMS 0x0000000710c00000, 0x0000000710c00000| Untracked 
| 135|0x0000000710e00000, 0x0000000711000000, 0x0000000711000000|100%| O|  |TAMS 0x0000000710e00000, 0x0000000710e00000| Untracked 
| 136|0x0000000711000000, 0x0000000711200000, 0x0000000711200000|100%| O|  |TAMS 0x0000000711000000, 0x0000000711000000| Untracked 
| 137|0x0000000711200000, 0x0000000711400000, 0x0000000711400000|100%| O|  |TAMS 0x0000000711200000, 0x0000000711200000| Untracked 
| 138|0x0000000711400000, 0x0000000711600000, 0x0000000711600000|100%| O|  |TAMS 0x0000000711400000, 0x0000000711400000| Untracked 
| 139|0x0000000711600000, 0x0000000711800000, 0x0000000711800000|100%| O|  |TAMS 0x0000000711600000, 0x0000000711600000| Untracked 
| 140|0x0000000711800000, 0x0000000711a00000, 0x0000000711a00000|100%| O|  |TAMS 0x0000000711800000, 0x0000000711800000| Untracked 
| 141|0x0000000711a00000, 0x0000000711c00000, 0x0000000711c00000|100%| O|  |TAMS 0x0000000711a00000, 0x0000000711a00000| Untracked 
| 142|0x0000000711c00000, 0x0000000711e00000, 0x0000000711e00000|100%| O|  |TAMS 0x0000000711c00000, 0x0000000711c00000| Untracked 
| 143|0x0000000711e00000, 0x0000000712000000, 0x0000000712000000|100%| O|  |TAMS 0x0000000711e00000, 0x0000000711e00000| Untracked 
| 144|0x0000000712000000, 0x0000000712200000, 0x0000000712200000|100%| O|  |TAMS 0x0000000712000000, 0x0000000712000000| Untracked 
| 145|0x0000000712200000, 0x0000000712400000, 0x0000000712400000|100%| O|  |TAMS 0x0000000712200000, 0x0000000712200000| Untracked 
| 146|0x0000000712400000, 0x0000000712600000, 0x0000000712600000|100%| O|  |TAMS 0x0000000712400000, 0x0000000712400000| Untracked 
| 147|0x0000000712600000, 0x0000000712800000, 0x0000000712800000|100%| O|  |TAMS 0x0000000712600000, 0x0000000712600000| Untracked 
| 148|0x0000000712800000, 0x0000000712a00000, 0x0000000712a00000|100%| O|  |TAMS 0x0000000712800000, 0x0000000712800000| Untracked 
| 149|0x0000000712a00000, 0x0000000712c00000, 0x0000000712c00000|100%| O|  |TAMS 0x0000000712a00000, 0x0000000712a00000| Untracked 
| 150|0x0000000712c00000, 0x0000000712e00000, 0x0000000712e00000|100%| O|  |TAMS 0x0000000712c00000, 0x0000000712c00000| Untracked 
| 151|0x0000000712e00000, 0x0000000713000000, 0x0000000713000000|100%| O|  |TAMS 0x0000000712e00000, 0x0000000712e00000| Untracked 
| 152|0x0000000713000000, 0x0000000713200000, 0x0000000713200000|100%| O|  |TAMS 0x0000000713000000, 0x0000000713000000| Untracked 
| 153|0x0000000713200000, 0x0000000713400000, 0x0000000713400000|100%| O|  |TAMS 0x0000000713200000, 0x0000000713200000| Untracked 
| 154|0x0000000713400000, 0x0000000713600000, 0x0000000713600000|100%| O|  |TAMS 0x0000000713400000, 0x0000000713400000| Untracked 
| 155|0x0000000713600000, 0x0000000713800000, 0x0000000713800000|100%| O|  |TAMS 0x0000000713600000, 0x0000000713600000| Untracked 
| 156|0x0000000713800000, 0x0000000713a00000, 0x0000000713a00000|100%| O|  |TAMS 0x0000000713800000, 0x0000000713800000| Untracked 
| 157|0x0000000713a00000, 0x0000000713c00000, 0x0000000713c00000|100%| O|  |TAMS 0x0000000713a00000, 0x0000000713a00000| Untracked 
| 158|0x0000000713c00000, 0x0000000713e00000, 0x0000000713e00000|100%| O|  |TAMS 0x0000000713c00000, 0x0000000713c00000| Untracked 
| 159|0x0000000713e00000, 0x0000000714000000, 0x0000000714000000|100%| O|  |TAMS 0x0000000713e00000, 0x0000000713e00000| Untracked 
| 160|0x0000000714000000, 0x0000000714200000, 0x0000000714200000|100%| O|  |TAMS 0x0000000714000000, 0x0000000714000000| Untracked 
| 161|0x0000000714200000, 0x0000000714400000, 0x0000000714400000|100%| O|  |TAMS 0x0000000714200000, 0x0000000714200000| Untracked 
| 162|0x0000000714400000, 0x0000000714600000, 0x0000000714600000|100%| O|  |TAMS 0x0000000714400000, 0x0000000714400000| Untracked 
| 163|0x0000000714600000, 0x0000000714800000, 0x0000000714800000|100%| O|  |TAMS 0x0000000714600000, 0x0000000714600000| Untracked 
| 164|0x0000000714800000, 0x0000000714a00000, 0x0000000714a00000|100%| O|  |TAMS 0x0000000714800000, 0x0000000714800000| Untracked 
| 165|0x0000000714a00000, 0x0000000714c00000, 0x0000000714c00000|100%| O|  |TAMS 0x0000000714a00000, 0x0000000714a00000| Untracked 
| 166|0x0000000714c00000, 0x0000000714e00000, 0x0000000714e00000|100%| O|  |TAMS 0x0000000714c00000, 0x0000000714c00000| Untracked 
| 167|0x0000000714e00000, 0x0000000715000000, 0x0000000715000000|100%| O|  |TAMS 0x0000000714e00000, 0x0000000714e00000| Untracked 
| 168|0x0000000715000000, 0x0000000715200000, 0x0000000715200000|100%| O|  |TAMS 0x0000000715000000, 0x0000000715000000| Untracked 
| 169|0x0000000715200000, 0x0000000715400000, 0x0000000715400000|100%| O|  |TAMS 0x0000000715200000, 0x0000000715200000| Untracked 
| 170|0x0000000715400000, 0x0000000715600000, 0x0000000715600000|100%| O|  |TAMS 0x0000000715400000, 0x0000000715400000| Untracked 
| 171|0x0000000715600000, 0x0000000715800000, 0x0000000715800000|100%| O|  |TAMS 0x0000000715600000, 0x0000000715600000| Untracked 
| 172|0x0000000715800000, 0x0000000715a00000, 0x0000000715a00000|100%| O|  |TAMS 0x0000000715800000, 0x0000000715800000| Untracked 
| 173|0x0000000715a00000, 0x0000000715c00000, 0x0000000715c00000|100%| O|  |TAMS 0x0000000715a00000, 0x0000000715a00000| Untracked 
| 174|0x0000000715c00000, 0x0000000715e00000, 0x0000000715e00000|100%| O|  |TAMS 0x0000000715c00000, 0x0000000715c00000| Untracked 
| 175|0x0000000715e00000, 0x0000000716000000, 0x0000000716000000|100%| O|  |TAMS 0x0000000715e00000, 0x0000000715e00000| Untracked 
| 176|0x0000000716000000, 0x0000000716200000, 0x0000000716200000|100%| O|  |TAMS 0x0000000716000000, 0x0000000716000000| Untracked 
| 177|0x0000000716200000, 0x0000000716400000, 0x0000000716400000|100%| O|  |TAMS 0x0000000716200000, 0x0000000716200000| Untracked 
| 178|0x0000000716400000, 0x0000000716600000, 0x0000000716600000|100%| O|  |TAMS 0x0000000716400000, 0x0000000716400000| Untracked 
| 179|0x0000000716600000, 0x0000000716800000, 0x0000000716800000|100%| O|  |TAMS 0x0000000716600000, 0x0000000716600000| Untracked 
| 180|0x0000000716800000, 0x0000000716a00000, 0x0000000716a00000|100%| O|  |TAMS 0x0000000716800000, 0x0000000716800000| Untracked 
| 181|0x0000000716a00000, 0x0000000716c00000, 0x0000000716c00000|100%| O|  |TAMS 0x0000000716a00000, 0x0000000716a00000| Untracked 
| 182|0x0000000716c00000, 0x0000000716e00000, 0x0000000716e00000|100%| O|  |TAMS 0x0000000716c00000, 0x0000000716c00000| Untracked 
| 183|0x0000000716e00000, 0x0000000717000000, 0x0000000717000000|100%| O|  |TAMS 0x0000000716e00000, 0x0000000716e00000| Untracked 
| 184|0x0000000717000000, 0x0000000717200000, 0x0000000717200000|100%| O|  |TAMS 0x0000000717000000, 0x0000000717000000| Untracked 
| 185|0x0000000717200000, 0x0000000717400000, 0x0000000717400000|100%| O|  |TAMS 0x0000000717200000, 0x0000000717200000| Untracked 
| 186|0x0000000717400000, 0x0000000717600000, 0x0000000717600000|100%| O|  |TAMS 0x0000000717400000, 0x0000000717400000| Untracked 
| 187|0x0000000717600000, 0x0000000717800000, 0x0000000717800000|100%| O|  |TAMS 0x0000000717600000, 0x0000000717600000| Untracked 
| 188|0x0000000717800000, 0x0000000717a00000, 0x0000000717a00000|100%| O|  |TAMS 0x0000000717800000, 0x0000000717800000| Untracked 
| 189|0x0000000717a00000, 0x0000000717c00000, 0x0000000717c00000|100%| O|  |TAMS 0x0000000717a00000, 0x0000000717a00000| Untracked 
| 190|0x0000000717c00000, 0x0000000717e00000, 0x0000000717e00000|100%| O|  |TAMS 0x0000000717c00000, 0x0000000717c00000| Untracked 
| 191|0x0000000717e00000, 0x0000000718000000, 0x0000000718000000|100%| O|  |TAMS 0x0000000717e00000, 0x0000000717e00000| Untracked 
| 192|0x0000000718000000, 0x0000000718200000, 0x0000000718200000|100%| O|  |TAMS 0x0000000718000000, 0x0000000718000000| Untracked 
| 193|0x0000000718200000, 0x0000000718400000, 0x0000000718400000|100%| O|  |TAMS 0x0000000718200000, 0x0000000718200000| Untracked 
| 194|0x0000000718400000, 0x0000000718600000, 0x0000000718600000|100%| O|  |TAMS 0x0000000718400000, 0x0000000718400000| Untracked 
| 195|0x0000000718600000, 0x0000000718800000, 0x0000000718800000|100%| O|  |TAMS 0x0000000718600000, 0x0000000718600000| Untracked 
| 196|0x0000000718800000, 0x0000000718a00000, 0x0000000718a00000|100%| O|  |TAMS 0x0000000718800000, 0x0000000718800000| Untracked 
| 197|0x0000000718a00000, 0x0000000718c00000, 0x0000000718c00000|100%| O|  |TAMS 0x0000000718a00000, 0x0000000718a00000| Untracked 
| 198|0x0000000718c00000, 0x0000000718e00000, 0x0000000718e00000|100%| O|  |TAMS 0x0000000718c00000, 0x0000000718c00000| Untracked 
| 199|0x0000000718e00000, 0x0000000719000000, 0x0000000719000000|100%| O|  |TAMS 0x0000000718e00000, 0x0000000718e00000| Untracked 
| 200|0x0000000719000000, 0x0000000719200000, 0x0000000719200000|100%| O|  |TAMS 0x0000000719000000, 0x0000000719000000| Untracked 
| 201|0x0000000719200000, 0x0000000719400000, 0x0000000719400000|100%| O|  |TAMS 0x0000000719200000, 0x0000000719200000| Untracked 
| 202|0x0000000719400000, 0x0000000719600000, 0x0000000719600000|100%| O|  |TAMS 0x0000000719400000, 0x0000000719400000| Untracked 
| 203|0x0000000719600000, 0x0000000719800000, 0x0000000719800000|100%| O|  |TAMS 0x0000000719600000, 0x0000000719600000| Untracked 
| 204|0x0000000719800000, 0x0000000719a00000, 0x0000000719a00000|100%| O|  |TAMS 0x0000000719800000, 0x0000000719800000| Untracked 
| 205|0x0000000719a00000, 0x0000000719c00000, 0x0000000719c00000|100%| O|  |TAMS 0x0000000719a00000, 0x0000000719a00000| Untracked 
| 206|0x0000000719c00000, 0x0000000719e00000, 0x0000000719e00000|100%| O|  |TAMS 0x0000000719c00000, 0x0000000719c00000| Untracked 
| 207|0x0000000719e00000, 0x000000071a000000, 0x000000071a000000|100%| O|  |TAMS 0x0000000719e00000, 0x0000000719e00000| Untracked 
| 208|0x000000071a000000, 0x000000071a200000, 0x000000071a200000|100%| O|  |TAMS 0x000000071a000000, 0x000000071a000000| Untracked 
| 209|0x000000071a200000, 0x000000071a400000, 0x000000071a400000|100%| O|  |TAMS 0x000000071a200000, 0x000000071a200000| Untracked 
| 210|0x000000071a400000, 0x000000071a500000, 0x000000071a600000| 50%| O|  |TAMS 0x000000071a400000, 0x000000071a400000| Untracked 
| 211|0x000000071a600000, 0x000000071a600000, 0x000000071a800000|  0%| F|  |TAMS 0x000000071a600000, 0x000000071a600000| Untracked 
| 212|0x000000071a800000, 0x000000071a800000, 0x000000071aa00000|  0%| F|  |TAMS 0x000000071a800000, 0x000000071a800000| Untracked 
| 213|0x000000071aa00000, 0x000000071aa00000, 0x000000071ac00000|  0%| F|  |TAMS 0x000000071aa00000, 0x000000071aa00000| Untracked 
| 214|0x000000071ac00000, 0x000000071ac00000, 0x000000071ae00000|  0%| F|  |TAMS 0x000000071ac00000, 0x000000071ac00000| Untracked 
| 215|0x000000071ae00000, 0x000000071ae00000, 0x000000071b000000|  0%| F|  |TAMS 0x000000071ae00000, 0x000000071ae00000| Untracked 
| 216|0x000000071b000000, 0x000000071b000000, 0x000000071b200000|  0%| F|  |TAMS 0x000000071b000000, 0x000000071b000000| Untracked 
| 217|0x000000071b200000, 0x000000071b200000, 0x000000071b400000|  0%| F|  |TAMS 0x000000071b200000, 0x000000071b200000| Untracked 
| 218|0x000000071b400000, 0x000000071b400000, 0x000000071b600000|  0%| F|  |TAMS 0x000000071b400000, 0x000000071b400000| Untracked 
| 219|0x000000071b600000, 0x000000071b600000, 0x000000071b800000|  0%| F|  |TAMS 0x000000071b600000, 0x000000071b600000| Untracked 
| 220|0x000000071b800000, 0x000000071b800000, 0x000000071ba00000|  0%| F|  |TAMS 0x000000071b800000, 0x000000071b800000| Untracked 
| 221|0x000000071ba00000, 0x000000071ba00000, 0x000000071bc00000|  0%| F|  |TAMS 0x000000071ba00000, 0x000000071ba00000| Untracked 
| 222|0x000000071bc00000, 0x000000071bc00000, 0x000000071be00000|  0%| F|  |TAMS 0x000000071bc00000, 0x000000071bc00000| Untracked 
| 223|0x000000071be00000, 0x000000071be00000, 0x000000071c000000|  0%| F|  |TAMS 0x000000071be00000, 0x000000071be00000| Untracked 
| 224|0x000000071c000000, 0x000000071c000000, 0x000000071c200000|  0%| F|  |TAMS 0x000000071c000000, 0x000000071c000000| Untracked 
| 225|0x000000071c200000, 0x000000071c200000, 0x000000071c400000|  0%| F|  |TAMS 0x000000071c200000, 0x000000071c200000| Untracked 
| 226|0x000000071c400000, 0x000000071c400000, 0x000000071c600000|  0%| F|  |TAMS 0x000000071c400000, 0x000000071c400000| Untracked 
| 227|0x000000071c600000, 0x000000071c600000, 0x000000071c800000|  0%| F|  |TAMS 0x000000071c600000, 0x000000071c600000| Untracked 
| 228|0x000000071c800000, 0x000000071c800000, 0x000000071ca00000|  0%| F|  |TAMS 0x000000071c800000, 0x000000071c800000| Untracked 
| 229|0x000000071ca00000, 0x000000071ca00000, 0x000000071cc00000|  0%| F|  |TAMS 0x000000071ca00000, 0x000000071ca00000| Untracked 
| 230|0x000000071cc00000, 0x000000071cc00000, 0x000000071ce00000|  0%| F|  |TAMS 0x000000071cc00000, 0x000000071cc00000| Untracked 
| 231|0x000000071ce00000, 0x000000071ce00000, 0x000000071d000000|  0%| F|  |TAMS 0x000000071ce00000, 0x000000071ce00000| Untracked 
| 232|0x000000071d000000, 0x000000071d000000, 0x000000071d200000|  0%| F|  |TAMS 0x000000071d000000, 0x000000071d000000| Untracked 
| 233|0x000000071d200000, 0x000000071d200000, 0x000000071d400000|  0%| F|  |TAMS 0x000000071d200000, 0x000000071d200000| Untracked 
| 234|0x000000071d400000, 0x000000071d400000, 0x000000071d600000|  0%| F|  |TAMS 0x000000071d400000, 0x000000071d400000| Untracked 
| 235|0x000000071d600000, 0x000000071d600000, 0x000000071d800000|  0%| F|  |TAMS 0x000000071d600000, 0x000000071d600000| Untracked 
| 236|0x000000071d800000, 0x000000071d800000, 0x000000071da00000|  0%| F|  |TAMS 0x000000071d800000, 0x000000071d800000| Untracked 
| 237|0x000000071da00000, 0x000000071da00000, 0x000000071dc00000|  0%| F|  |TAMS 0x000000071da00000, 0x000000071da00000| Untracked 
| 238|0x000000071dc00000, 0x000000071dc00000, 0x000000071de00000|  0%| F|  |TAMS 0x000000071dc00000, 0x000000071dc00000| Untracked 
| 239|0x000000071de00000, 0x000000071de00000, 0x000000071e000000|  0%| F|  |TAMS 0x000000071de00000, 0x000000071de00000| Untracked 
| 240|0x000000071e000000, 0x000000071e000000, 0x000000071e200000|  0%| F|  |TAMS 0x000000071e000000, 0x000000071e000000| Untracked 
| 241|0x000000071e200000, 0x000000071e200000, 0x000000071e400000|  0%| F|  |TAMS 0x000000071e200000, 0x000000071e200000| Untracked 
| 242|0x000000071e400000, 0x000000071e400000, 0x000000071e600000|  0%| F|  |TAMS 0x000000071e400000, 0x000000071e400000| Untracked 
| 243|0x000000071e600000, 0x000000071e600000, 0x000000071e800000|  0%| F|  |TAMS 0x000000071e600000, 0x000000071e600000| Untracked 
| 244|0x000000071e800000, 0x000000071e800000, 0x000000071ea00000|  0%| F|  |TAMS 0x000000071e800000, 0x000000071e800000| Untracked 
| 245|0x000000071ea00000, 0x000000071ea00000, 0x000000071ec00000|  0%| F|  |TAMS 0x000000071ea00000, 0x000000071ea00000| Untracked 
| 246|0x000000071ec00000, 0x000000071ec00000, 0x000000071ee00000|  0%| F|  |TAMS 0x000000071ec00000, 0x000000071ec00000| Untracked 
| 247|0x000000071ee00000, 0x000000071ee00000, 0x000000071f000000|  0%| F|  |TAMS 0x000000071ee00000, 0x000000071ee00000| Untracked 
| 248|0x000000071f000000, 0x000000071f000000, 0x000000071f200000|  0%| F|  |TAMS 0x000000071f000000, 0x000000071f000000| Untracked 
| 249|0x000000071f200000, 0x000000071f200000, 0x000000071f400000|  0%| F|  |TAMS 0x000000071f200000, 0x000000071f200000| Untracked 
| 250|0x000000071f400000, 0x000000071f400000, 0x000000071f600000|  0%| F|  |TAMS 0x000000071f400000, 0x000000071f400000| Untracked 
| 251|0x000000071f600000, 0x000000071f600000, 0x000000071f800000|  0%| F|  |TAMS 0x000000071f600000, 0x000000071f600000| Untracked 
| 252|0x000000071f800000, 0x000000071f800000, 0x000000071fa00000|  0%| F|  |TAMS 0x000000071f800000, 0x000000071f800000| Untracked 
| 253|0x000000071fa00000, 0x000000071fa00000, 0x000000071fc00000|  0%| F|  |TAMS 0x000000071fa00000, 0x000000071fa00000| Untracked 
| 254|0x000000071fc00000, 0x000000071fc00000, 0x000000071fe00000|  0%| F|  |TAMS 0x000000071fc00000, 0x000000071fc00000| Untracked 
| 255|0x000000071fe00000, 0x000000071fe00000, 0x0000000720000000|  0%| F|  |TAMS 0x000000071fe00000, 0x000000071fe00000| Untracked 
| 256|0x0000000720000000, 0x0000000720000000, 0x0000000720200000|  0%| F|  |TAMS 0x0000000720000000, 0x0000000720000000| Untracked 
| 257|0x0000000720200000, 0x0000000720200000, 0x0000000720400000|  0%| F|  |TAMS 0x0000000720200000, 0x0000000720200000| Untracked 
| 258|0x0000000720400000, 0x0000000720400000, 0x0000000720600000|  0%| F|  |TAMS 0x0000000720400000, 0x0000000720400000| Untracked 
| 259|0x0000000720600000, 0x0000000720600000, 0x0000000720800000|  0%| F|  |TAMS 0x0000000720600000, 0x0000000720600000| Untracked 
| 260|0x0000000720800000, 0x0000000720800000, 0x0000000720a00000|  0%| F|  |TAMS 0x0000000720800000, 0x0000000720800000| Untracked 
| 261|0x0000000720a00000, 0x0000000720a00000, 0x0000000720c00000|  0%| F|  |TAMS 0x0000000720a00000, 0x0000000720a00000| Untracked 
| 262|0x0000000720c00000, 0x0000000720c00000, 0x0000000720e00000|  0%| F|  |TAMS 0x0000000720c00000, 0x0000000720c00000| Untracked 
| 263|0x0000000720e00000, 0x0000000720e00000, 0x0000000721000000|  0%| F|  |TAMS 0x0000000720e00000, 0x0000000720e00000| Untracked 
| 264|0x0000000721000000, 0x0000000721000000, 0x0000000721200000|  0%| F|  |TAMS 0x0000000721000000, 0x0000000721000000| Untracked 
| 265|0x0000000721200000, 0x0000000721200000, 0x0000000721400000|  0%| F|  |TAMS 0x0000000721200000, 0x0000000721200000| Untracked 
| 266|0x0000000721400000, 0x0000000721400000, 0x0000000721600000|  0%| F|  |TAMS 0x0000000721400000, 0x0000000721400000| Untracked 
| 267|0x0000000721600000, 0x0000000721600000, 0x0000000721800000|  0%| F|  |TAMS 0x0000000721600000, 0x0000000721600000| Untracked 
| 268|0x0000000721800000, 0x0000000721800000, 0x0000000721a00000|  0%| F|  |TAMS 0x0000000721800000, 0x0000000721800000| Untracked 
| 269|0x0000000721a00000, 0x0000000721a00000, 0x0000000721c00000|  0%| F|  |TAMS 0x0000000721a00000, 0x0000000721a00000| Untracked 
| 270|0x0000000721c00000, 0x0000000721c00000, 0x0000000721e00000|  0%| F|  |TAMS 0x0000000721c00000, 0x0000000721c00000| Untracked 
| 271|0x0000000721e00000, 0x0000000721e00000, 0x0000000722000000|  0%| F|  |TAMS 0x0000000721e00000, 0x0000000721e00000| Untracked 
| 272|0x0000000722000000, 0x0000000722000000, 0x0000000722200000|  0%| F|  |TAMS 0x0000000722000000, 0x0000000722000000| Untracked 
| 273|0x0000000722200000, 0x0000000722200000, 0x0000000722400000|  0%| F|  |TAMS 0x0000000722200000, 0x0000000722200000| Untracked 
| 274|0x0000000722400000, 0x0000000722400000, 0x0000000722600000|  0%| F|  |TAMS 0x0000000722400000, 0x0000000722400000| Untracked 
| 275|0x0000000722600000, 0x0000000722600000, 0x0000000722800000|  0%| F|  |TAMS 0x0000000722600000, 0x0000000722600000| Untracked 
| 276|0x0000000722800000, 0x0000000722800000, 0x0000000722a00000|  0%| F|  |TAMS 0x0000000722800000, 0x0000000722800000| Untracked 
| 277|0x0000000722a00000, 0x0000000722a00000, 0x0000000722c00000|  0%| F|  |TAMS 0x0000000722a00000, 0x0000000722a00000| Untracked 
| 278|0x0000000722c00000, 0x0000000722c00000, 0x0000000722e00000|  0%| F|  |TAMS 0x0000000722c00000, 0x0000000722c00000| Untracked 
| 279|0x0000000722e00000, 0x0000000722e00000, 0x0000000723000000|  0%| F|  |TAMS 0x0000000722e00000, 0x0000000722e00000| Untracked 
| 280|0x0000000723000000, 0x0000000723000000, 0x0000000723200000|  0%| F|  |TAMS 0x0000000723000000, 0x0000000723000000| Untracked 
| 281|0x0000000723200000, 0x0000000723200000, 0x0000000723400000|  0%| F|  |TAMS 0x0000000723200000, 0x0000000723200000| Untracked 
| 282|0x0000000723400000, 0x0000000723400000, 0x0000000723600000|  0%| F|  |TAMS 0x0000000723400000, 0x0000000723400000| Untracked 
| 283|0x0000000723600000, 0x0000000723600000, 0x0000000723800000|  0%| F|  |TAMS 0x0000000723600000, 0x0000000723600000| Untracked 
| 284|0x0000000723800000, 0x00000007239a7090, 0x0000000723a00000| 82%| S|CS|TAMS 0x0000000723800000, 0x0000000723800000| Complete 
| 285|0x0000000723a00000, 0x0000000723c00000, 0x0000000723c00000|100%| S|CS|TAMS 0x0000000723a00000, 0x0000000723a00000| Complete 
| 286|0x0000000723c00000, 0x0000000723e00000, 0x0000000723e00000|100%| S|CS|TAMS 0x0000000723c00000, 0x0000000723c00000| Complete 
| 287|0x0000000723e00000, 0x0000000724000000, 0x0000000724000000|100%| S|CS|TAMS 0x0000000723e00000, 0x0000000723e00000| Complete 
| 288|0x0000000724000000, 0x0000000724200000, 0x0000000724200000|100%| S|CS|TAMS 0x0000000724000000, 0x0000000724000000| Complete 
| 289|0x0000000724200000, 0x0000000724400000, 0x0000000724400000|100%| S|CS|TAMS 0x0000000724200000, 0x0000000724200000| Complete 
| 290|0x0000000724400000, 0x0000000724600000, 0x0000000724600000|100%| S|CS|TAMS 0x0000000724400000, 0x0000000724400000| Complete 
| 291|0x0000000724600000, 0x0000000724800000, 0x0000000724800000|100%| S|CS|TAMS 0x0000000724600000, 0x0000000724600000| Complete 
| 292|0x0000000724800000, 0x0000000724a00000, 0x0000000724a00000|100%| S|CS|TAMS 0x0000000724800000, 0x0000000724800000| Complete 
| 293|0x0000000724a00000, 0x0000000724c00000, 0x0000000724c00000|100%| S|CS|TAMS 0x0000000724a00000, 0x0000000724a00000| Complete 
| 294|0x0000000724c00000, 0x0000000724e00000, 0x0000000724e00000|100%| S|CS|TAMS 0x0000000724c00000, 0x0000000724c00000| Complete 
| 295|0x0000000724e00000, 0x0000000725000000, 0x0000000725000000|100%| S|CS|TAMS 0x0000000724e00000, 0x0000000724e00000| Complete 
| 296|0x0000000725000000, 0x0000000725200000, 0x0000000725200000|100%| S|CS|TAMS 0x0000000725000000, 0x0000000725000000| Complete 
| 297|0x0000000725200000, 0x0000000725400000, 0x0000000725400000|100%| S|CS|TAMS 0x0000000725200000, 0x0000000725200000| Complete 
| 298|0x0000000725400000, 0x0000000725600000, 0x0000000725600000|100%| S|CS|TAMS 0x0000000725400000, 0x0000000725400000| Complete 
| 299|0x0000000725600000, 0x0000000725600000, 0x0000000725800000|  0%| F|  |TAMS 0x0000000725600000, 0x0000000725600000| Untracked 
| 300|0x0000000725800000, 0x0000000725800000, 0x0000000725a00000|  0%| F|  |TAMS 0x0000000725800000, 0x0000000725800000| Untracked 
| 301|0x0000000725a00000, 0x0000000725a00000, 0x0000000725c00000|  0%| F|  |TAMS 0x0000000725a00000, 0x0000000725a00000| Untracked 
| 302|0x0000000725c00000, 0x0000000725c00000, 0x0000000725e00000|  0%| F|  |TAMS 0x0000000725c00000, 0x0000000725c00000| Untracked 
| 303|0x0000000725e00000, 0x0000000725e00000, 0x0000000726000000|  0%| F|  |TAMS 0x0000000725e00000, 0x0000000725e00000| Untracked 
| 304|0x0000000726000000, 0x0000000726000000, 0x0000000726200000|  0%| F|  |TAMS 0x0000000726000000, 0x0000000726000000| Untracked 
| 305|0x0000000726200000, 0x0000000726200000, 0x0000000726400000|  0%| F|  |TAMS 0x0000000726200000, 0x0000000726200000| Untracked 
| 306|0x0000000726400000, 0x0000000726400000, 0x0000000726600000|  0%| F|  |TAMS 0x0000000726400000, 0x0000000726400000| Untracked 
| 307|0x0000000726600000, 0x0000000726600000, 0x0000000726800000|  0%| F|  |TAMS 0x0000000726600000, 0x0000000726600000| Untracked 
| 308|0x0000000726800000, 0x0000000726800000, 0x0000000726a00000|  0%| F|  |TAMS 0x0000000726800000, 0x0000000726800000| Untracked 
| 309|0x0000000726a00000, 0x0000000726a00000, 0x0000000726c00000|  0%| F|  |TAMS 0x0000000726a00000, 0x0000000726a00000| Untracked 
| 310|0x0000000726c00000, 0x0000000726c00000, 0x0000000726e00000|  0%| F|  |TAMS 0x0000000726c00000, 0x0000000726c00000| Untracked 
| 311|0x0000000726e00000, 0x0000000726e00000, 0x0000000727000000|  0%| F|  |TAMS 0x0000000726e00000, 0x0000000726e00000| Untracked 
| 312|0x0000000727000000, 0x0000000727000000, 0x0000000727200000|  0%| F|  |TAMS 0x0000000727000000, 0x0000000727000000| Untracked 
| 313|0x0000000727200000, 0x0000000727200000, 0x0000000727400000|  0%| F|  |TAMS 0x0000000727200000, 0x0000000727200000| Untracked 
| 314|0x0000000727400000, 0x0000000727400000, 0x0000000727600000|  0%| F|  |TAMS 0x0000000727400000, 0x0000000727400000| Untracked 
| 315|0x0000000727600000, 0x0000000727600000, 0x0000000727800000|  0%| F|  |TAMS 0x0000000727600000, 0x0000000727600000| Untracked 
| 316|0x0000000727800000, 0x0000000727800000, 0x0000000727a00000|  0%| F|  |TAMS 0x0000000727800000, 0x0000000727800000| Untracked 
| 317|0x0000000727a00000, 0x0000000727a00000, 0x0000000727c00000|  0%| F|  |TAMS 0x0000000727a00000, 0x0000000727a00000| Untracked 
| 318|0x0000000727c00000, 0x0000000727c00000, 0x0000000727e00000|  0%| F|  |TAMS 0x0000000727c00000, 0x0000000727c00000| Untracked 
| 319|0x0000000727e00000, 0x0000000727e00000, 0x0000000728000000|  0%| F|  |TAMS 0x0000000727e00000, 0x0000000727e00000| Untracked 
| 320|0x0000000728000000, 0x0000000728000000, 0x0000000728200000|  0%| F|  |TAMS 0x0000000728000000, 0x0000000728000000| Untracked 
| 321|0x0000000728200000, 0x0000000728200000, 0x0000000728400000|  0%| F|  |TAMS 0x0000000728200000, 0x0000000728200000| Untracked 
| 322|0x0000000728400000, 0x0000000728400000, 0x0000000728600000|  0%| F|  |TAMS 0x0000000728400000, 0x0000000728400000| Untracked 
| 323|0x0000000728600000, 0x0000000728600000, 0x0000000728800000|  0%| F|  |TAMS 0x0000000728600000, 0x0000000728600000| Untracked 
| 324|0x0000000728800000, 0x0000000728800000, 0x0000000728a00000|  0%| F|  |TAMS 0x0000000728800000, 0x0000000728800000| Untracked 
| 325|0x0000000728a00000, 0x0000000728b31cc8, 0x0000000728c00000| 59%| E|  |TAMS 0x0000000728a00000, 0x0000000728a00000| Complete 
| 326|0x0000000728c00000, 0x0000000728e00000, 0x0000000728e00000|100%| E|CS|TAMS 0x0000000728c00000, 0x0000000728c00000| Complete 
| 327|0x0000000728e00000, 0x0000000729000000, 0x0000000729000000|100%| E|CS|TAMS 0x0000000728e00000, 0x0000000728e00000| Complete 
| 328|0x0000000729000000, 0x0000000729200000, 0x0000000729200000|100%| E|CS|TAMS 0x0000000729000000, 0x0000000729000000| Complete 
| 329|0x0000000729200000, 0x0000000729400000, 0x0000000729400000|100%| E|CS|TAMS 0x0000000729200000, 0x0000000729200000| Complete 
| 330|0x0000000729400000, 0x0000000729600000, 0x0000000729600000|100%| E|CS|TAMS 0x0000000729400000, 0x0000000729400000| Complete 
| 331|0x0000000729600000, 0x0000000729800000, 0x0000000729800000|100%| E|CS|TAMS 0x0000000729600000, 0x0000000729600000| Complete 
| 332|0x0000000729800000, 0x0000000729a00000, 0x0000000729a00000|100%| E|CS|TAMS 0x0000000729800000, 0x0000000729800000| Complete 
| 333|0x0000000729a00000, 0x0000000729c00000, 0x0000000729c00000|100%| E|CS|TAMS 0x0000000729a00000, 0x0000000729a00000| Complete 
| 334|0x0000000729c00000, 0x0000000729e00000, 0x0000000729e00000|100%| E|CS|TAMS 0x0000000729c00000, 0x0000000729c00000| Complete 
| 335|0x0000000729e00000, 0x000000072a000000, 0x000000072a000000|100%| E|CS|TAMS 0x0000000729e00000, 0x0000000729e00000| Complete 
| 336|0x000000072a000000, 0x000000072a200000, 0x000000072a200000|100%| E|CS|TAMS 0x000000072a000000, 0x000000072a000000| Complete 
| 337|0x000000072a200000, 0x000000072a400000, 0x000000072a400000|100%| E|CS|TAMS 0x000000072a200000, 0x000000072a200000| Complete 
| 338|0x000000072a400000, 0x000000072a600000, 0x000000072a600000|100%| E|CS|TAMS 0x000000072a400000, 0x000000072a400000| Complete 
| 339|0x000000072a600000, 0x000000072a800000, 0x000000072a800000|100%| E|CS|TAMS 0x000000072a600000, 0x000000072a600000| Complete 
| 340|0x000000072a800000, 0x000000072aa00000, 0x000000072aa00000|100%| E|CS|TAMS 0x000000072a800000, 0x000000072a800000| Complete 
| 341|0x000000072aa00000, 0x000000072ac00000, 0x000000072ac00000|100%| E|CS|TAMS 0x000000072aa00000, 0x000000072aa00000| Complete 
| 342|0x000000072ac00000, 0x000000072ae00000, 0x000000072ae00000|100%| E|CS|TAMS 0x000000072ac00000, 0x000000072ac00000| Complete 
| 343|0x000000072ae00000, 0x000000072b000000, 0x000000072b000000|100%| E|CS|TAMS 0x000000072ae00000, 0x000000072ae00000| Complete 
| 344|0x000000072b000000, 0x000000072b200000, 0x000000072b200000|100%| E|CS|TAMS 0x000000072b000000, 0x000000072b000000| Complete 
| 345|0x000000072b200000, 0x000000072b400000, 0x000000072b400000|100%| E|CS|TAMS 0x000000072b200000, 0x000000072b200000| Complete 
| 346|0x000000072b400000, 0x000000072b600000, 0x000000072b600000|100%| E|CS|TAMS 0x000000072b400000, 0x000000072b400000| Complete 
| 347|0x000000072b600000, 0x000000072b800000, 0x000000072b800000|100%| E|CS|TAMS 0x000000072b600000, 0x000000072b600000| Complete 
| 348|0x000000072b800000, 0x000000072ba00000, 0x000000072ba00000|100%| E|CS|TAMS 0x000000072b800000, 0x000000072b800000| Complete 
| 349|0x000000072ba00000, 0x000000072bc00000, 0x000000072bc00000|100%| E|CS|TAMS 0x000000072ba00000, 0x000000072ba00000| Complete 
| 350|0x000000072bc00000, 0x000000072be00000, 0x000000072be00000|100%| E|CS|TAMS 0x000000072bc00000, 0x000000072bc00000| Complete 
| 351|0x000000072be00000, 0x000000072c000000, 0x000000072c000000|100%| E|CS|TAMS 0x000000072be00000, 0x000000072be00000| Complete 
| 352|0x000000072c000000, 0x000000072c200000, 0x000000072c200000|100%| E|CS|TAMS 0x000000072c000000, 0x000000072c000000| Complete 
| 353|0x000000072c200000, 0x000000072c400000, 0x000000072c400000|100%| E|CS|TAMS 0x000000072c200000, 0x000000072c200000| Complete 
| 354|0x000000072c400000, 0x000000072c600000, 0x000000072c600000|100%| E|  |TAMS 0x000000072c400000, 0x000000072c400000| Complete 
| 355|0x000000072c600000, 0x000000072c800000, 0x000000072c800000|100%| E|CS|TAMS 0x000000072c600000, 0x000000072c600000| Complete 
| 356|0x000000072c800000, 0x000000072ca00000, 0x000000072ca00000|100%| E|CS|TAMS 0x000000072c800000, 0x000000072c800000| Complete 
| 357|0x000000072ca00000, 0x000000072cc00000, 0x000000072cc00000|100%| E|CS|TAMS 0x000000072ca00000, 0x000000072ca00000| Complete 
| 358|0x000000072cc00000, 0x000000072ce00000, 0x000000072ce00000|100%| E|CS|TAMS 0x000000072cc00000, 0x000000072cc00000| Complete 
| 359|0x000000072ce00000, 0x000000072d000000, 0x000000072d000000|100%| E|CS|TAMS 0x000000072ce00000, 0x000000072ce00000| Complete 
| 360|0x000000072d000000, 0x000000072d200000, 0x000000072d200000|100%| E|CS|TAMS 0x000000072d000000, 0x000000072d000000| Complete 
| 361|0x000000072d200000, 0x000000072d400000, 0x000000072d400000|100%| E|CS|TAMS 0x000000072d200000, 0x000000072d200000| Complete 
| 362|0x000000072d400000, 0x000000072d600000, 0x000000072d600000|100%| E|CS|TAMS 0x000000072d400000, 0x000000072d400000| Complete 
| 363|0x000000072d600000, 0x000000072d800000, 0x000000072d800000|100%| E|CS|TAMS 0x000000072d600000, 0x000000072d600000| Complete 
| 364|0x000000072d800000, 0x000000072da00000, 0x000000072da00000|100%| E|CS|TAMS 0x000000072d800000, 0x000000072d800000| Complete 
| 365|0x000000072da00000, 0x000000072dc00000, 0x000000072dc00000|100%| E|CS|TAMS 0x000000072da00000, 0x000000072da00000| Complete 
| 366|0x000000072dc00000, 0x000000072de00000, 0x000000072de00000|100%| E|CS|TAMS 0x000000072dc00000, 0x000000072dc00000| Complete 
| 367|0x000000072de00000, 0x000000072e000000, 0x000000072e000000|100%| E|CS|TAMS 0x000000072de00000, 0x000000072de00000| Complete 
| 368|0x000000072e000000, 0x000000072e200000, 0x000000072e200000|100%| E|CS|TAMS 0x000000072e000000, 0x000000072e000000| Complete 
| 369|0x000000072e200000, 0x000000072e400000, 0x000000072e400000|100%| E|CS|TAMS 0x000000072e200000, 0x000000072e200000| Complete 
| 370|0x000000072e400000, 0x000000072e600000, 0x000000072e600000|100%| E|CS|TAMS 0x000000072e400000, 0x000000072e400000| Complete 
| 371|0x000000072e600000, 0x000000072e800000, 0x000000072e800000|100%| E|CS|TAMS 0x000000072e600000, 0x000000072e600000| Complete 
| 372|0x000000072e800000, 0x000000072ea00000, 0x000000072ea00000|100%| E|CS|TAMS 0x000000072e800000, 0x000000072e800000| Complete 
| 373|0x000000072ea00000, 0x000000072ec00000, 0x000000072ec00000|100%| E|CS|TAMS 0x000000072ea00000, 0x000000072ea00000| Complete 
| 374|0x000000072ec00000, 0x000000072ee00000, 0x000000072ee00000|100%| E|CS|TAMS 0x000000072ec00000, 0x000000072ec00000| Complete 
| 375|0x000000072ee00000, 0x000000072f000000, 0x000000072f000000|100%| E|CS|TAMS 0x000000072ee00000, 0x000000072ee00000| Complete 
| 376|0x000000072f000000, 0x000000072f200000, 0x000000072f200000|100%| E|CS|TAMS 0x000000072f000000, 0x000000072f000000| Complete 
| 377|0x000000072f200000, 0x000000072f400000, 0x000000072f400000|100%| E|CS|TAMS 0x000000072f200000, 0x000000072f200000| Complete 
| 378|0x000000072f400000, 0x000000072f600000, 0x000000072f600000|100%| E|CS|TAMS 0x000000072f400000, 0x000000072f400000| Complete 
| 379|0x000000072f600000, 0x000000072f800000, 0x000000072f800000|100%| E|CS|TAMS 0x000000072f600000, 0x000000072f600000| Complete 
| 380|0x000000072f800000, 0x000000072fa00000, 0x000000072fa00000|100%| E|CS|TAMS 0x000000072f800000, 0x000000072f800000| Complete 
| 381|0x000000072fa00000, 0x000000072fc00000, 0x000000072fc00000|100%| E|CS|TAMS 0x000000072fa00000, 0x000000072fa00000| Complete 
| 382|0x000000072fc00000, 0x000000072fe00000, 0x000000072fe00000|100%| E|CS|TAMS 0x000000072fc00000, 0x000000072fc00000| Complete 
| 383|0x000000072fe00000, 0x0000000730000000, 0x0000000730000000|100%| E|CS|TAMS 0x000000072fe00000, 0x000000072fe00000| Complete 
| 384|0x0000000730000000, 0x0000000730200000, 0x0000000730200000|100%| E|CS|TAMS 0x0000000730000000, 0x0000000730000000| Complete 
| 385|0x0000000730200000, 0x0000000730400000, 0x0000000730400000|100%| E|CS|TAMS 0x0000000730200000, 0x0000000730200000| Complete 
| 386|0x0000000730400000, 0x0000000730600000, 0x0000000730600000|100%| E|CS|TAMS 0x0000000730400000, 0x0000000730400000| Complete 
| 387|0x0000000730600000, 0x0000000730800000, 0x0000000730800000|100%| E|CS|TAMS 0x0000000730600000, 0x0000000730600000| Complete 
| 388|0x0000000730800000, 0x0000000730a00000, 0x0000000730a00000|100%| E|CS|TAMS 0x0000000730800000, 0x0000000730800000| Complete 
| 389|0x0000000730a00000, 0x0000000730c00000, 0x0000000730c00000|100%| E|CS|TAMS 0x0000000730a00000, 0x0000000730a00000| Complete 
| 390|0x0000000730c00000, 0x0000000730e00000, 0x0000000730e00000|100%| E|CS|TAMS 0x0000000730c00000, 0x0000000730c00000| Complete 
| 391|0x0000000730e00000, 0x0000000731000000, 0x0000000731000000|100%| E|CS|TAMS 0x0000000730e00000, 0x0000000730e00000| Complete 
| 392|0x0000000731000000, 0x0000000731200000, 0x0000000731200000|100%| E|CS|TAMS 0x0000000731000000, 0x0000000731000000| Complete 
| 393|0x0000000731200000, 0x0000000731400000, 0x0000000731400000|100%| E|CS|TAMS 0x0000000731200000, 0x0000000731200000| Complete 
| 394|0x0000000731400000, 0x0000000731600000, 0x0000000731600000|100%| E|CS|TAMS 0x0000000731400000, 0x0000000731400000| Complete 
| 395|0x0000000731600000, 0x0000000731800000, 0x0000000731800000|100%| E|CS|TAMS 0x0000000731600000, 0x0000000731600000| Complete 
| 396|0x0000000731800000, 0x0000000731a00000, 0x0000000731a00000|100%| E|CS|TAMS 0x0000000731800000, 0x0000000731800000| Complete 
| 397|0x0000000731a00000, 0x0000000731c00000, 0x0000000731c00000|100%| E|CS|TAMS 0x0000000731a00000, 0x0000000731a00000| Complete 
| 398|0x0000000731c00000, 0x0000000731e00000, 0x0000000731e00000|100%| E|CS|TAMS 0x0000000731c00000, 0x0000000731c00000| Complete 
| 399|0x0000000731e00000, 0x0000000732000000, 0x0000000732000000|100%| E|CS|TAMS 0x0000000731e00000, 0x0000000731e00000| Complete 
| 400|0x0000000732000000, 0x0000000732200000, 0x0000000732200000|100%| E|CS|TAMS 0x0000000732000000, 0x0000000732000000| Complete 
| 401|0x0000000732200000, 0x0000000732400000, 0x0000000732400000|100%| E|CS|TAMS 0x0000000732200000, 0x0000000732200000| Complete 
| 402|0x0000000732400000, 0x0000000732600000, 0x0000000732600000|100%| E|CS|TAMS 0x0000000732400000, 0x0000000732400000| Complete 
| 403|0x0000000732600000, 0x0000000732800000, 0x0000000732800000|100%| E|CS|TAMS 0x0000000732600000, 0x0000000732600000| Complete 
| 404|0x0000000732800000, 0x0000000732a00000, 0x0000000732a00000|100%| E|CS|TAMS 0x0000000732800000, 0x0000000732800000| Complete 
| 405|0x0000000732a00000, 0x0000000732c00000, 0x0000000732c00000|100%| E|CS|TAMS 0x0000000732a00000, 0x0000000732a00000| Complete 
| 406|0x0000000732c00000, 0x0000000732e00000, 0x0000000732e00000|100%| E|CS|TAMS 0x0000000732c00000, 0x0000000732c00000| Complete 
| 407|0x0000000732e00000, 0x0000000733000000, 0x0000000733000000|100%| E|CS|TAMS 0x0000000732e00000, 0x0000000732e00000| Complete 
| 408|0x0000000733000000, 0x0000000733200000, 0x0000000733200000|100%| E|CS|TAMS 0x0000000733000000, 0x0000000733000000| Complete 
| 409|0x0000000733200000, 0x0000000733400000, 0x0000000733400000|100%| E|CS|TAMS 0x0000000733200000, 0x0000000733200000| Complete 
| 410|0x0000000733400000, 0x0000000733600000, 0x0000000733600000|100%| E|CS|TAMS 0x0000000733400000, 0x0000000733400000| Complete 
| 411|0x0000000733600000, 0x0000000733800000, 0x0000000733800000|100%| E|CS|TAMS 0x0000000733600000, 0x0000000733600000| Complete 
| 412|0x0000000733800000, 0x0000000733a00000, 0x0000000733a00000|100%| E|CS|TAMS 0x0000000733800000, 0x0000000733800000| Complete 
| 413|0x0000000733a00000, 0x0000000733c00000, 0x0000000733c00000|100%| E|CS|TAMS 0x0000000733a00000, 0x0000000733a00000| Complete 
| 414|0x0000000733c00000, 0x0000000733e00000, 0x0000000733e00000|100%| E|CS|TAMS 0x0000000733c00000, 0x0000000733c00000| Complete 
| 415|0x0000000733e00000, 0x0000000734000000, 0x0000000734000000|100%| E|CS|TAMS 0x0000000733e00000, 0x0000000733e00000| Complete 
| 416|0x0000000734000000, 0x0000000734200000, 0x0000000734200000|100%| E|CS|TAMS 0x0000000734000000, 0x0000000734000000| Complete 
| 417|0x0000000734200000, 0x0000000734400000, 0x0000000734400000|100%| E|CS|TAMS 0x0000000734200000, 0x0000000734200000| Complete 
| 418|0x0000000734400000, 0x0000000734600000, 0x0000000734600000|100%| E|CS|TAMS 0x0000000734400000, 0x0000000734400000| Complete 
| 419|0x0000000734600000, 0x0000000734800000, 0x0000000734800000|100%| E|CS|TAMS 0x0000000734600000, 0x0000000734600000| Complete 
| 420|0x0000000734800000, 0x0000000734a00000, 0x0000000734a00000|100%| E|CS|TAMS 0x0000000734800000, 0x0000000734800000| Complete 
| 421|0x0000000734a00000, 0x0000000734c00000, 0x0000000734c00000|100%| E|CS|TAMS 0x0000000734a00000, 0x0000000734a00000| Complete 
| 422|0x0000000734c00000, 0x0000000734e00000, 0x0000000734e00000|100%| E|CS|TAMS 0x0000000734c00000, 0x0000000734c00000| Complete 
| 423|0x0000000734e00000, 0x0000000735000000, 0x0000000735000000|100%| E|CS|TAMS 0x0000000734e00000, 0x0000000734e00000| Complete 
| 424|0x0000000735000000, 0x0000000735200000, 0x0000000735200000|100%| E|CS|TAMS 0x0000000735000000, 0x0000000735000000| Complete 
| 425|0x0000000735200000, 0x0000000735400000, 0x0000000735400000|100%| E|CS|TAMS 0x0000000735200000, 0x0000000735200000| Complete 
| 426|0x0000000735400000, 0x0000000735600000, 0x0000000735600000|100%| E|CS|TAMS 0x0000000735400000, 0x0000000735400000| Complete 
| 427|0x0000000735600000, 0x0000000735800000, 0x0000000735800000|100%| E|CS|TAMS 0x0000000735600000, 0x0000000735600000| Complete 
| 428|0x0000000735800000, 0x0000000735a00000, 0x0000000735a00000|100%| E|CS|TAMS 0x0000000735800000, 0x0000000735800000| Complete 
| 429|0x0000000735a00000, 0x0000000735c00000, 0x0000000735c00000|100%| E|CS|TAMS 0x0000000735a00000, 0x0000000735a00000| Complete 
| 430|0x0000000735c00000, 0x0000000735e00000, 0x0000000735e00000|100%| E|CS|TAMS 0x0000000735c00000, 0x0000000735c00000| Complete 
| 431|0x0000000735e00000, 0x0000000736000000, 0x0000000736000000|100%| E|CS|TAMS 0x0000000735e00000, 0x0000000735e00000| Complete 
| 432|0x0000000736000000, 0x0000000736200000, 0x0000000736200000|100%| E|CS|TAMS 0x0000000736000000, 0x0000000736000000| Complete 
| 433|0x0000000736200000, 0x0000000736400000, 0x0000000736400000|100%| E|CS|TAMS 0x0000000736200000, 0x0000000736200000| Complete 
| 434|0x0000000736400000, 0x0000000736600000, 0x0000000736600000|100%| E|CS|TAMS 0x0000000736400000, 0x0000000736400000| Complete 
| 435|0x0000000736600000, 0x0000000736800000, 0x0000000736800000|100%| E|CS|TAMS 0x0000000736600000, 0x0000000736600000| Complete 
| 436|0x0000000736800000, 0x0000000736a00000, 0x0000000736a00000|100%| E|CS|TAMS 0x0000000736800000, 0x0000000736800000| Complete 
| 437|0x0000000736a00000, 0x0000000736c00000, 0x0000000736c00000|100%| E|CS|TAMS 0x0000000736a00000, 0x0000000736a00000| Complete 
| 438|0x0000000736c00000, 0x0000000736e00000, 0x0000000736e00000|100%| E|CS|TAMS 0x0000000736c00000, 0x0000000736c00000| Complete 
| 439|0x0000000736e00000, 0x0000000737000000, 0x0000000737000000|100%| E|CS|TAMS 0x0000000736e00000, 0x0000000736e00000| Complete 
| 440|0x0000000737000000, 0x0000000737200000, 0x0000000737200000|100%| E|CS|TAMS 0x0000000737000000, 0x0000000737000000| Complete 
| 441|0x0000000737200000, 0x0000000737400000, 0x0000000737400000|100%| E|CS|TAMS 0x0000000737200000, 0x0000000737200000| Complete 
| 442|0x0000000737400000, 0x0000000737600000, 0x0000000737600000|100%| E|CS|TAMS 0x0000000737400000, 0x0000000737400000| Complete 
| 443|0x0000000737600000, 0x0000000737800000, 0x0000000737800000|100%| E|CS|TAMS 0x0000000737600000, 0x0000000737600000| Complete 
| 444|0x0000000737800000, 0x0000000737a00000, 0x0000000737a00000|100%| E|CS|TAMS 0x0000000737800000, 0x0000000737800000| Complete 
| 445|0x0000000737a00000, 0x0000000737c00000, 0x0000000737c00000|100%| E|CS|TAMS 0x0000000737a00000, 0x0000000737a00000| Complete 
| 446|0x0000000737c00000, 0x0000000737e00000, 0x0000000737e00000|100%| E|CS|TAMS 0x0000000737c00000, 0x0000000737c00000| Complete 
| 447|0x0000000737e00000, 0x0000000738000000, 0x0000000738000000|100%| E|CS|TAMS 0x0000000737e00000, 0x0000000737e00000| Complete 
| 448|0x0000000738000000, 0x0000000738200000, 0x0000000738200000|100%| E|CS|TAMS 0x0000000738000000, 0x0000000738000000| Complete 
| 449|0x0000000738200000, 0x0000000738400000, 0x0000000738400000|100%| E|CS|TAMS 0x0000000738200000, 0x0000000738200000| Complete 
| 450|0x0000000738400000, 0x0000000738600000, 0x0000000738600000|100%| E|CS|TAMS 0x0000000738400000, 0x0000000738400000| Complete 
| 451|0x0000000738600000, 0x0000000738800000, 0x0000000738800000|100%| E|CS|TAMS 0x0000000738600000, 0x0000000738600000| Complete 
| 452|0x0000000738800000, 0x0000000738a00000, 0x0000000738a00000|100%| E|CS|TAMS 0x0000000738800000, 0x0000000738800000| Complete 
| 453|0x0000000738a00000, 0x0000000738c00000, 0x0000000738c00000|100%| E|CS|TAMS 0x0000000738a00000, 0x0000000738a00000| Complete 
| 454|0x0000000738c00000, 0x0000000738e00000, 0x0000000738e00000|100%| E|CS|TAMS 0x0000000738c00000, 0x0000000738c00000| Complete 
| 455|0x0000000738e00000, 0x0000000739000000, 0x0000000739000000|100%| E|CS|TAMS 0x0000000738e00000, 0x0000000738e00000| Complete 
| 456|0x0000000739000000, 0x0000000739200000, 0x0000000739200000|100%| E|CS|TAMS 0x0000000739000000, 0x0000000739000000| Complete 
| 457|0x0000000739200000, 0x0000000739400000, 0x0000000739400000|100%| E|CS|TAMS 0x0000000739200000, 0x0000000739200000| Complete 
| 458|0x0000000739400000, 0x0000000739600000, 0x0000000739600000|100%| E|CS|TAMS 0x0000000739400000, 0x0000000739400000| Complete 
| 459|0x0000000739600000, 0x0000000739800000, 0x0000000739800000|100%| E|CS|TAMS 0x0000000739600000, 0x0000000739600000| Complete 
| 460|0x0000000739800000, 0x0000000739a00000, 0x0000000739a00000|100%| E|CS|TAMS 0x0000000739800000, 0x0000000739800000| Complete 
| 461|0x0000000739a00000, 0x0000000739c00000, 0x0000000739c00000|100%| E|CS|TAMS 0x0000000739a00000, 0x0000000739a00000| Complete 
| 462|0x0000000739c00000, 0x0000000739e00000, 0x0000000739e00000|100%| E|CS|TAMS 0x0000000739c00000, 0x0000000739c00000| Complete 
| 463|0x0000000739e00000, 0x000000073a000000, 0x000000073a000000|100%| E|CS|TAMS 0x0000000739e00000, 0x0000000739e00000| Complete 
| 464|0x000000073a000000, 0x000000073a200000, 0x000000073a200000|100%| E|CS|TAMS 0x000000073a000000, 0x000000073a000000| Complete 
| 465|0x000000073a200000, 0x000000073a400000, 0x000000073a400000|100%| E|CS|TAMS 0x000000073a200000, 0x000000073a200000| Complete 
| 466|0x000000073a400000, 0x000000073a600000, 0x000000073a600000|100%| E|CS|TAMS 0x000000073a400000, 0x000000073a400000| Complete 
| 467|0x000000073a600000, 0x000000073a800000, 0x000000073a800000|100%| E|CS|TAMS 0x000000073a600000, 0x000000073a600000| Complete 
| 468|0x000000073a800000, 0x000000073aa00000, 0x000000073aa00000|100%| E|CS|TAMS 0x000000073a800000, 0x000000073a800000| Complete 
| 469|0x000000073aa00000, 0x000000073ac00000, 0x000000073ac00000|100%| E|CS|TAMS 0x000000073aa00000, 0x000000073aa00000| Complete 
| 470|0x000000073ac00000, 0x000000073ae00000, 0x000000073ae00000|100%| E|CS|TAMS 0x000000073ac00000, 0x000000073ac00000| Complete 
| 471|0x000000073ae00000, 0x000000073b000000, 0x000000073b000000|100%| E|CS|TAMS 0x000000073ae00000, 0x000000073ae00000| Complete 
| 472|0x000000073b000000, 0x000000073b200000, 0x000000073b200000|100%| E|CS|TAMS 0x000000073b000000, 0x000000073b000000| Complete 
| 473|0x000000073b200000, 0x000000073b400000, 0x000000073b400000|100%| E|CS|TAMS 0x000000073b200000, 0x000000073b200000| Complete 
| 474|0x000000073b400000, 0x000000073b600000, 0x000000073b600000|100%| E|CS|TAMS 0x000000073b400000, 0x000000073b400000| Complete 
| 475|0x000000073b600000, 0x000000073b800000, 0x000000073b800000|100%| E|CS|TAMS 0x000000073b600000, 0x000000073b600000| Complete 
| 476|0x000000073b800000, 0x000000073ba00000, 0x000000073ba00000|100%| E|CS|TAMS 0x000000073b800000, 0x000000073b800000| Complete 
| 477|0x000000073ba00000, 0x000000073bc00000, 0x000000073bc00000|100%| E|CS|TAMS 0x000000073ba00000, 0x000000073ba00000| Complete 
| 478|0x000000073bc00000, 0x000000073be00000, 0x000000073be00000|100%| E|CS|TAMS 0x000000073bc00000, 0x000000073bc00000| Complete 
| 479|0x000000073be00000, 0x000000073c000000, 0x000000073c000000|100%| E|CS|TAMS 0x000000073be00000, 0x000000073be00000| Complete 
| 480|0x000000073c000000, 0x000000073c200000, 0x000000073c200000|100%| E|CS|TAMS 0x000000073c000000, 0x000000073c000000| Complete 
| 481|0x000000073c200000, 0x000000073c400000, 0x000000073c400000|100%| E|CS|TAMS 0x000000073c200000, 0x000000073c200000| Complete 
| 482|0x000000073c400000, 0x000000073c600000, 0x000000073c600000|100%| E|CS|TAMS 0x000000073c400000, 0x000000073c400000| Complete 
| 483|0x000000073c600000, 0x000000073c800000, 0x000000073c800000|100%| E|CS|TAMS 0x000000073c600000, 0x000000073c600000| Complete 
| 484|0x000000073c800000, 0x000000073ca00000, 0x000000073ca00000|100%| E|CS|TAMS 0x000000073c800000, 0x000000073c800000| Complete 
| 485|0x000000073ca00000, 0x000000073cc00000, 0x000000073cc00000|100%| E|CS|TAMS 0x000000073ca00000, 0x000000073ca00000| Complete 
| 486|0x000000073cc00000, 0x000000073ce00000, 0x000000073ce00000|100%| E|CS|TAMS 0x000000073cc00000, 0x000000073cc00000| Complete 
| 487|0x000000073ce00000, 0x000000073d000000, 0x000000073d000000|100%| E|CS|TAMS 0x000000073ce00000, 0x000000073ce00000| Complete 
| 488|0x000000073d000000, 0x000000073d200000, 0x000000073d200000|100%| E|CS|TAMS 0x000000073d000000, 0x000000073d000000| Complete 
| 489|0x000000073d200000, 0x000000073d400000, 0x000000073d400000|100%| E|CS|TAMS 0x000000073d200000, 0x000000073d200000| Complete 
| 490|0x000000073d400000, 0x000000073d600000, 0x000000073d600000|100%| E|CS|TAMS 0x000000073d400000, 0x000000073d400000| Complete 
| 491|0x000000073d600000, 0x000000073d800000, 0x000000073d800000|100%| E|CS|TAMS 0x000000073d600000, 0x000000073d600000| Complete 
| 492|0x000000073d800000, 0x000000073da00000, 0x000000073da00000|100%| E|CS|TAMS 0x000000073d800000, 0x000000073d800000| Complete 
| 493|0x000000073da00000, 0x000000073dc00000, 0x000000073dc00000|100%| E|CS|TAMS 0x000000073da00000, 0x000000073da00000| Complete 
| 494|0x000000073dc00000, 0x000000073de00000, 0x000000073de00000|100%| E|CS|TAMS 0x000000073dc00000, 0x000000073dc00000| Complete 
| 495|0x000000073de00000, 0x000000073e000000, 0x000000073e000000|100%| E|CS|TAMS 0x000000073de00000, 0x000000073de00000| Complete 
| 496|0x000000073e000000, 0x000000073e200000, 0x000000073e200000|100%| E|CS|TAMS 0x000000073e000000, 0x000000073e000000| Complete 

Card table byte_map: [0x0000026b25c00000,0x0000026b26400000] _byte_map_base: 0x0000026b22400000

Marking Bits (Prev, Next): (CMBitMap*) 0x0000026b0c880e10, (CMBitMap*) 0x0000026b0c880e50
 Prev Bits: [0x0000026b26c00000, 0x0000026b2ac00000)
 Next Bits: [0x0000026b2ac00000, 0x0000026b2ec00000)

Polling page: 0x0000026b0c4c0000

Metaspace:

Usage:
  Non-class:    172.63 MB used.
      Class:     25.37 MB used.
       Both:    198.00 MB used.

Virtual space:
  Non-class space:      192.00 MB reserved,     173.69 MB ( 90%) committed,  3 nodes.
      Class space:        1.00 GB reserved,      26.31 MB (  3%) committed,  1 nodes.
             Both:        1.19 GB reserved,     200.00 MB ( 16%) committed. 

Chunk freelists:
   Non-Class:  1.70 MB
       Class:  5.66 MB
        Both:  7.36 MB

MaxMetaspaceSize: 2.00 GB
CompressedClassSpaceSize: 1.00 GB
Initial GC threshold: 21.00 MB
Current GC threshold: 270.25 MB
CDS: on
MetaspaceReclaimPolicy: balanced
 - commit_granule_bytes: 65536.
 - commit_granule_words: 8192.
 - virtual_space_node_default_size: 8388608.
 - enlarge_chunks_in_place: 1.
 - new_chunks_are_fully_committed: 0.
 - uncommit_free_chunks: 1.
 - use_allocation_guard: 0.
 - handle_deallocations: 1.


Internal statistics:

num_allocs_failed_limit: 27.
num_arena_births: 3240.
num_arena_deaths: 0.
num_vsnodes_births: 4.
num_vsnodes_deaths: 0.
num_space_committed: 3198.
num_space_uncommitted: 0.
num_chunks_returned_to_freelist: 27.
num_chunks_taken_from_freelist: 12419.
num_chunk_merges: 24.
num_chunk_splits: 8136.
num_chunks_enlarged: 5253.
num_inconsistent_stats: 0.

CodeHeap 'non-profiled nmethods': size=120000Kb used=23470Kb max_used=23561Kb free=96529Kb
 bounds [0x0000026b1d470000, 0x0000026b1eb80000, 0x0000026b249a0000]
CodeHeap 'profiled nmethods': size=120000Kb used=62022Kb max_used=64119Kb free=57977Kb
 bounds [0x0000026b159a0000, 0x0000026b19850000, 0x0000026b1ced0000]
CodeHeap 'non-nmethods': size=5760Kb used=2719Kb max_used=2774Kb free=3040Kb
 bounds [0x0000026b1ced0000, 0x0000026b1d1a0000, 0x0000026b1d470000]
 total_blobs=32521 nmethods=31227 adapters=1203
 compilation: enabled
              stopped_count=0, restarted_count=0
 full_count=0

Compilation events (20 events):
Event: 753.456 Thread 0x0000026b3155f740 41289       2       org.gradle.internal.io.IoSupplier$$Lambda$499/0x0000026b33443a58::get (8 bytes)
Event: 753.456 Thread 0x0000026b3155f740 nmethod 41289 0x0000026b16a4ec10 code [0x0000026b16a4edc0, 0x0000026b16a4efb8]
Event: 753.456 Thread 0x0000026b3155f740 41290       3       org.gradle.api.internal.changedetection.state.MetaInfAwareClasspathResourceHasher::isManifestFile (7 bytes)
Event: 753.456 Thread 0x0000026b3155f740 nmethod 41290 0x0000026b17449510 code [0x0000026b174496c0, 0x0000026b174497e8]
Event: 753.458 Thread 0x0000026b3155f740 41291       3       org.gradle.internal.fingerprint.impl.DefaultFileSystemLocationFingerprint::hashForType (73 bytes)
Event: 753.459 Thread 0x0000026b3155f740 nmethod 41291 0x0000026b16513b10 code [0x0000026b16513d80, 0x0000026b16514678]
Event: 753.459 Thread 0x0000026b3155f740 41292       1       org.gradle.api.internal.file.archive.impl.FileZipInput::access$000 (5 bytes)
Event: 753.459 Thread 0x0000026b3155f740 nmethod 41292 0x0000026b1e976210 code [0x0000026b1e9763a0, 0x0000026b1e976458]
Event: 753.460 Thread 0x0000026b3155f740 41293       3       org.gradle.internal.fingerprint.impl.DefaultFileSystemLocationFingerprint::<init> (19 bytes)
Event: 753.460 Thread 0x0000026b3155f740 nmethod 41293 0x0000026b169daf90 code [0x0000026b169db140, 0x0000026b169db3c8]
Event: 753.463 Thread 0x0000026b3155f740 41294       3       org.gradle.api.internal.file.archive.impl.AbstractZipEntry::isDirectory (8 bytes)
Event: 753.464 Thread 0x0000026b3155f740 nmethod 41294 0x0000026b17659990 code [0x0000026b17659b40, 0x0000026b17659d28]
Event: 753.464 Thread 0x0000026b3155f740 41295       3       org.gradle.api.internal.file.archive.impl.AbstractZipEntry::getName (8 bytes)
Event: 753.464 Thread 0x0000026b3155f740 nmethod 41295 0x0000026b176c8f10 code [0x0000026b176c90c0, 0x0000026b176c92a8]
Event: 753.500 Thread 0x0000026b31534a00 nmethod 41276 0x0000026b1e236d90 code [0x0000026b1e237060, 0x0000026b1e238f08]
Event: 753.500 Thread 0x0000026b31534a00 41277       4       org.gradle.internal.operations.DefaultBuildOperationRunner::call (24 bytes)
Event: 753.525 Thread 0x0000026b31534a00 nmethod 41277 0x0000026b1dc74f90 code [0x0000026b1dc751c0, 0x0000026b1dc76310]
Event: 753.525 Thread 0x0000026b31534a00 41251       4       com.google.common.collect.AbstractMapBasedMultimap$WrappedCollection::refreshIfEmpty (78 bytes)
Event: 753.532 Thread 0x0000026b31534a00 nmethod 41251 0x0000026b1e236010 code [0x0000026b1e2361e0, 0x0000026b1e236938]
Event: 753.532 Thread 0x0000026b31534a00 41278   !   4       org.gradle.internal.execution.impl.DefaultInputFingerprinter$InputCollectingVisitor::visitInputFileProperty (135 bytes)

GC Heap History (20 events):
Event: 59.057 GC heap before
{Heap before GC invocations=64 (full 0):
 garbage-first heap   total 1017856K, used 797087K [0x0000000700000000, 0x0000000800000000)
  region size 2048K, 257 young (526336K), 10 survivors (20480K)
 Metaspace       used 169039K, committed 170496K, reserved 1245184K
  class space    used 21793K, committed 22464K, reserved 1048576K
}
Event: 59.094 GC heap after
{Heap after GC invocations=65 (full 0):
 garbage-first heap   total 1017856K, used 296455K [0x0000000700000000, 0x0000000800000000)
  region size 2048K, 17 young (34816K), 17 survivors (34816K)
 Metaspace       used 169039K, committed 170496K, reserved 1245184K
  class space    used 21793K, committed 22464K, reserved 1048576K
}
Event: 112.102 GC heap before
{Heap before GC invocations=65 (full 0):
 garbage-first heap   total 1017856K, used 826887K [0x0000000700000000, 0x0000000800000000)
  region size 2048K, 277 young (567296K), 17 survivors (34816K)
 Metaspace       used 185674K, committed 187136K, reserved 1245184K
  class space    used 23970K, committed 24640K, reserved 1048576K
}
Event: 112.143 GC heap after
{Heap after GC invocations=66 (full 0):
 garbage-first heap   total 1017856K, used 317113K [0x0000000700000000, 0x0000000800000000)
  region size 2048K, 30 young (61440K), 30 survivors (61440K)
 Metaspace       used 185674K, committed 187136K, reserved 1245184K
  class space    used 23970K, committed 24640K, reserved 1048576K
}
Event: 123.531 GC heap before
{Heap before GC invocations=66 (full 0):
 garbage-first heap   total 1017856K, used 827065K [0x0000000700000000, 0x0000000800000000)
  region size 2048K, 279 young (571392K), 30 survivors (61440K)
 Metaspace       used 189067K, committed 190784K, reserved 1245184K
  class space    used 24424K, committed 25216K, reserved 1048576K
}
Event: 123.625 GC heap after
{Heap after GC invocations=67 (full 0):
 garbage-first heap   total 1017856K, used 359179K [0x0000000700000000, 0x0000000800000000)
  region size 2048K, 35 young (71680K), 35 survivors (71680K)
 Metaspace       used 189067K, committed 190784K, reserved 1245184K
  class space    used 24424K, committed 25216K, reserved 1048576K
}
Event: 128.263 GC heap before
{Heap before GC invocations=67 (full 0):
 garbage-first heap   total 1017856K, used 817931K [0x0000000700000000, 0x0000000800000000)
  region size 2048K, 259 young (530432K), 35 survivors (71680K)
 Metaspace       used 189889K, committed 191680K, reserved 1245184K
  class space    used 24520K, committed 25344K, reserved 1048576K
}
Event: 128.315 GC heap after
{Heap after GC invocations=68 (full 0):
 garbage-first heap   total 1017856K, used 357808K [0x0000000700000000, 0x0000000800000000)
  region size 2048K, 5 young (10240K), 5 survivors (10240K)
 Metaspace       used 189889K, committed 191680K, reserved 1245184K
  class space    used 24520K, committed 25344K, reserved 1048576K
}
Event: 132.658 GC heap before
{Heap before GC invocations=68 (full 0):
 garbage-first heap   total 1017856K, used 834992K [0x0000000700000000, 0x0000000800000000)
  region size 2048K, 238 young (487424K), 5 survivors (10240K)
 Metaspace       used 190583K, committed 192448K, reserved 1245184K
  class space    used 24542K, committed 25408K, reserved 1048576K
}
Event: 132.701 GC heap after
{Heap after GC invocations=69 (full 0):
 garbage-first heap   total 1017856K, used 395155K [0x0000000700000000, 0x0000000800000000)
  region size 2048K, 24 young (49152K), 24 survivors (49152K)
 Metaspace       used 190583K, committed 192448K, reserved 1245184K
  class space    used 24542K, committed 25408K, reserved 1048576K
}
Event: 137.384 GC heap before
{Heap before GC invocations=69 (full 0):
 garbage-first heap   total 1017856K, used 827283K [0x0000000700000000, 0x0000000800000000)
  region size 2048K, 235 young (481280K), 24 survivors (49152K)
 Metaspace       used 191404K, committed 193344K, reserved 1245184K
  class space    used 24587K, committed 25472K, reserved 1048576K
}
Event: 137.404 GC heap after
{Heap after GC invocations=70 (full 0):
 garbage-first heap   total 1017856K, used 370434K [0x0000000700000000, 0x0000000800000000)
  region size 2048K, 8 young (16384K), 8 survivors (16384K)
 Metaspace       used 191404K, committed 193344K, reserved 1245184K
  class space    used 24587K, committed 25472K, reserved 1048576K
}
Event: 140.982 GC heap before
{Heap before GC invocations=70 (full 0):
 garbage-first heap   total 1017856K, used 829186K [0x0000000700000000, 0x0000000800000000)
  region size 2048K, 233 young (477184K), 8 survivors (16384K)
 Metaspace       used 191933K, committed 193920K, reserved 1245184K
  class space    used 24603K, committed 25536K, reserved 1048576K
}
Event: 141.050 GC heap after
{Heap after GC invocations=71 (full 0):
 garbage-first heap   total 1017856K, used 427739K [0x0000000700000000, 0x0000000800000000)
  region size 2048K, 30 young (61440K), 30 survivors (61440K)
 Metaspace       used 191933K, committed 193920K, reserved 1245184K
  class space    used 24603K, committed 25536K, reserved 1048576K
}
Event: 144.701 GC heap before
{Heap before GC invocations=71 (full 0):
 garbage-first heap   total 1017856K, used 816859K [0x0000000700000000, 0x0000000800000000)
  region size 2048K, 220 young (450560K), 30 survivors (61440K)
 Metaspace       used 192233K, committed 194240K, reserved 1245184K
  class space    used 24608K, committed 25536K, reserved 1048576K
}
Event: 144.779 GC heap after
{Heap after GC invocations=72 (full 0):
 garbage-first heap   total 1017856K, used 457745K [0x0000000700000000, 0x0000000800000000)
  region size 2048K, 16 young (32768K), 16 survivors (32768K)
 Metaspace       used 192233K, committed 194240K, reserved 1245184K
  class space    used 24608K, committed 25536K, reserved 1048576K
}
Event: 146.898 GC heap before
{Heap before GC invocations=72 (full 0):
 garbage-first heap   total 1017856K, used 822289K [0x0000000700000000, 0x0000000800000000)
  region size 2048K, 194 young (397312K), 16 survivors (32768K)
 Metaspace       used 192563K, committed 194496K, reserved 1245184K
  class space    used 24613K, committed 25536K, reserved 1048576K
}
Event: 146.908 GC heap after
{Heap after GC invocations=73 (full 0):
 garbage-first heap   total 1017856K, used 437248K [0x0000000700000000, 0x0000000800000000)
  region size 2048K, 3 young (6144K), 3 survivors (6144K)
 Metaspace       used 192563K, committed 194496K, reserved 1245184K
  class space    used 24613K, committed 25536K, reserved 1048576K
}
Event: 188.945 GC heap before
{Heap before GC invocations=73 (full 0):
 garbage-first heap   total 1017856K, used 834560K [0x0000000700000000, 0x0000000800000000)
  region size 2048K, 198 young (405504K), 3 survivors (6144K)
 Metaspace       used 198136K, committed 200192K, reserved 1245184K
  class space    used 25369K, committed 26368K, reserved 1048576K
}
Event: 188.983 GC heap after
{Heap after GC invocations=74 (full 0):
 garbage-first heap   total 1017856K, used 461468K [0x0000000700000000, 0x0000000800000000)
  region size 2048K, 15 young (30720K), 15 survivors (30720K)
 Metaspace       used 198136K, committed 200192K, reserved 1245184K
  class space    used 25369K, committed 26368K, reserved 1048576K
}

Dll operation events (16 events):
Event: 0.014 Loaded shared library C:\Program Files\Eclipse Adoptium\jdk-17.0.19.10-hotspot\bin\java.dll
Event: 0.043 Loaded shared library C:\Program Files\Eclipse Adoptium\jdk-17.0.19.10-hotspot\bin\jsvml.dll
Event: 0.111 Loaded shared library C:\Program Files\Eclipse Adoptium\jdk-17.0.19.10-hotspot\bin\zip.dll
Event: 0.115 Loaded shared library C:\Program Files\Eclipse Adoptium\jdk-17.0.19.10-hotspot\bin\instrument.dll
Event: 0.121 Loaded shared library C:\Program Files\Eclipse Adoptium\jdk-17.0.19.10-hotspot\bin\net.dll
Event: 0.124 Loaded shared library C:\Program Files\Eclipse Adoptium\jdk-17.0.19.10-hotspot\bin\nio.dll
Event: 0.127 Loaded shared library C:\Program Files\Eclipse Adoptium\jdk-17.0.19.10-hotspot\bin\zip.dll
Event: 0.537 Loaded shared library C:\Program Files\Eclipse Adoptium\jdk-17.0.19.10-hotspot\bin\jimage.dll
Event: 0.861 Loaded shared library C:\Program Files\Eclipse Adoptium\jdk-17.0.19.10-hotspot\bin\verify.dll
Event: 1.047 Loaded shared library C:\Users\ranim\.gradle\native\1def1411415f61bf3af743bc5b6707747c0891f09f0c88961ee8f79bc544acac\windows-amd64\native-platform.dll
Event: 1.063 Loaded shared library C:\Users\ranim\.gradle\native\0.2.7\x86_64-windows-gnu\gradle-fileevents.dll
Event: 2.748 Loaded shared library C:\Program Files\Eclipse Adoptium\jdk-17.0.19.10-hotspot\bin\management.dll
Event: 2.804 Loaded shared library C:\Program Files\Eclipse Adoptium\jdk-17.0.19.10-hotspot\bin\management_ext.dll
Event: 3.351 Loaded shared library C:\Program Files\Eclipse Adoptium\jdk-17.0.19.10-hotspot\bin\extnet.dll
Event: 3.708 Loaded shared library C:\Program Files\Eclipse Adoptium\jdk-17.0.19.10-hotspot\bin\sunmscapi.dll
Event: 731.190 Loaded shared library C:\Program Files\Eclipse Adoptium\jdk-17.0.19.10-hotspot\bin\rmi.dll

Deoptimization events (20 events):
Event: 753.445 Thread 0x0000026b7ea97790 Uncommon trap: trap_request=0xffffffde fr.pc=0x0000026b1e46d468 relative=0x0000000000001748
Event: 753.445 Thread 0x0000026b7ea97790 Uncommon trap: reason=class_check action=maybe_recompile pc=0x0000026b1e46d468 method=org.gradle.internal.io.IoSupplier.lambda$wrap$0(Lorg/gradle/internal/io/IoSupplier;)Ljava/lang/Object; @ 1 c2
Event: 753.445 Thread 0x0000026b7ea97790 DEOPT PACKING pc=0x0000026b1e46d468 sp=0x000000902eaf7c10
Event: 753.446 Thread 0x0000026b7ea97790 DEOPT UNPACKING pc=0x0000026b1cf2a1a3 sp=0x000000902eaf7bb8 mode 2
Event: 753.450 Thread 0x0000026b7ea97790 Uncommon trap: trap_request=0xffffffde fr.pc=0x0000026b1e46d468 relative=0x0000000000001748
Event: 753.450 Thread 0x0000026b7ea97790 Uncommon trap: reason=class_check action=maybe_recompile pc=0x0000026b1e46d468 method=org.gradle.internal.io.IoSupplier.lambda$wrap$0(Lorg/gradle/internal/io/IoSupplier;)Ljava/lang/Object; @ 1 c2
Event: 753.450 Thread 0x0000026b7ea97790 DEOPT PACKING pc=0x0000026b1e46d468 sp=0x000000902eaf7c10
Event: 753.450 Thread 0x0000026b7ea97790 DEOPT UNPACKING pc=0x0000026b1cf2a1a3 sp=0x000000902eaf7bb8 mode 2
Event: 753.450 Thread 0x0000026b7ea97790 Uncommon trap: trap_request=0xffffffde fr.pc=0x0000026b1e46d468 relative=0x0000000000001748
Event: 753.450 Thread 0x0000026b7ea97790 Uncommon trap: reason=class_check action=maybe_recompile pc=0x0000026b1e46d468 method=org.gradle.internal.io.IoSupplier.lambda$wrap$0(Lorg/gradle/internal/io/IoSupplier;)Ljava/lang/Object; @ 1 c2
Event: 753.450 Thread 0x0000026b7ea97790 DEOPT PACKING pc=0x0000026b1e46d468 sp=0x000000902eaf79a0
Event: 753.450 Thread 0x0000026b7ea97790 DEOPT UNPACKING pc=0x0000026b1cf2a1a3 sp=0x000000902eaf7948 mode 2
Event: 753.451 Thread 0x0000026b7ea97790 Uncommon trap: trap_request=0xffffffde fr.pc=0x0000026b1e46d468 relative=0x0000000000001748
Event: 753.451 Thread 0x0000026b7ea97790 Uncommon trap: reason=class_check action=maybe_recompile pc=0x0000026b1e46d468 method=org.gradle.internal.io.IoSupplier.lambda$wrap$0(Lorg/gradle/internal/io/IoSupplier;)Ljava/lang/Object; @ 1 c2
Event: 753.451 Thread 0x0000026b7ea97790 DEOPT PACKING pc=0x0000026b1e46d468 sp=0x000000902eaf7c10
Event: 753.451 Thread 0x0000026b7ea97790 DEOPT UNPACKING pc=0x0000026b1cf2a1a3 sp=0x000000902eaf7bb8 mode 2
Event: 753.474 Thread 0x0000026b7ea97790 Uncommon trap: trap_request=0xffffffc6 fr.pc=0x0000026b1eb2e6c8 relative=0x0000000000000488
Event: 753.474 Thread 0x0000026b7ea97790 Uncommon trap: reason=bimorphic_or_optimized_type_check action=maybe_recompile pc=0x0000026b1eb2e6c8 method=java.util.AbstractList.listIterator()Ljava/util/ListIterator; @ 2 c2
Event: 753.474 Thread 0x0000026b7ea97790 DEOPT PACKING pc=0x0000026b1eb2e6c8 sp=0x000000902eaf9ca0
Event: 753.474 Thread 0x0000026b7ea97790 DEOPT UNPACKING pc=0x0000026b1cf2a1a3 sp=0x000000902eaf9c50 mode 2

Classes loaded (20 events):
Event: 731.339 Loading class sun/rmi/transport/Transport$1
Event: 731.339 Loading class sun/rmi/transport/Transport$1 done
Event: 731.341 Loading class sun/rmi/transport/DGCImpl$LeaseInfo
Event: 731.341 Loading class sun/rmi/transport/DGCImpl$LeaseInfo done
Event: 731.341 Loading class sun/rmi/transport/DGCImpl$1
Event: 731.341 Loading class sun/rmi/transport/DGCImpl$1 done
Event: 731.341 Loading class sun/rmi/transport/SequenceEntry
Event: 731.341 Loading class sun/rmi/transport/SequenceEntry done
Event: 752.801 Loading class java/util/Collections$UnmodifiableSortedMap
Event: 752.801 Loading class java/util/Collections$UnmodifiableSortedMap done
Event: 752.812 Loading class java/util/zip/Deflater
Event: 752.812 Loading class java/util/zip/Deflater done
Event: 752.815 Loading class java/util/zip/Deflater$DeflaterZStreamRef
Event: 752.815 Loading class java/util/zip/Deflater$DeflaterZStreamRef done
Event: 753.020 Loading class sun/net/ProgressMonitor
Event: 753.021 Loading class sun/net/ProgressMonitor done
Event: 753.021 Loading class sun/net/DefaultProgressMeteringPolicy
Event: 753.021 Loading class sun/net/ProgressMeteringPolicy
Event: 753.021 Loading class sun/net/ProgressMeteringPolicy done
Event: 753.021 Loading class sun/net/DefaultProgressMeteringPolicy done

Classes unloaded (0 events):
No events

Classes redefined (0 events):
No events

Internal exceptions (20 events):
Event: 727.569 Thread 0x0000026b7ea990e0 Exception <a 'java/lang/NoSuchMethodError'{0x000000072caaba40}: 'java.lang.Object java.lang.invoke.DirectMethodHandle$Holder.invokeStatic(java.lang.Object, java.lang.Object, long, java.lang.Object)'> (0x000000072caaba40) 
thrown [s\src\hotspot\share\interpreter\linkResolver.cpp, line 759]
Event: 727.570 Thread 0x0000026b7ea990e0 Exception <a 'java/lang/NoSuchMethodError'{0x000000072caaf4c0}: 'java.lang.Object java.lang.invoke.DirectMethodHandle$Holder.invokeStaticInit(java.lang.Object, java.lang.Object, long, java.lang.Object)'> (0x000000072caaf4c0) 
thrown [s\src\hotspot\share\interpreter\linkResolver.cpp, line 759]
Event: 731.167 Thread 0x0000026b7ea990e0 Exception <a 'java/lang/NoSuchMethodError'{0x000000072c82eb70}: static Lorg/jetbrains/kotlin/daemon/common/LoopbackNetworkInterface$AbstractClientLoopbackSocketFactory;.<clinit>()V> (0x000000072c82eb70) 
thrown [s\src\hotspot\share\prims\jni.cpp, line 1112]
Event: 731.168 Thread 0x0000026b7ea990e0 Exception <a 'java/lang/NoSuchMethodError'{0x000000072c83a9c8}: static Lorg/jetbrains/kotlin/daemon/common/LoopbackNetworkInterface$ClientLoopbackSocketFactory;.<clinit>()V> (0x000000072c83a9c8) 
thrown [s\src\hotspot\share\prims\jni.cpp, line 1112]
Event: 731.196 Thread 0x0000026b7ea990e0 Exception <a 'java/lang/NoSuchMethodError'{0x000000072c8c47f0}: static [Ljava/rmi/server/ObjID;.<clinit>()V> (0x000000072c8c47f0) 
thrown [s\src\hotspot\share\prims\jni.cpp, line 1112]
Event: 731.211 Thread 0x0000026b84f1fe10 Exception <a 'java/lang/InterruptedException'{0x000000072c902be0}> (0x000000072c902be0) 
thrown [s\src\hotspot\share\runtime\objectMonitor.cpp, line 1658]
Event: 731.211 Thread 0x0000026b84f1fe10 Exception <a 'java/lang/NoSuchMethodError'{0x000000072c904040}: 'java.lang.Object java.lang.invoke.DirectMethodHandle$Holder.invokeSpecial(java.lang.Object, java.lang.Object, int, java.lang.Object, long)'> (0x000000072c904040) 
thrown [s\src\hotspot\share\interpreter\linkResolver.cpp, line 759]
Event: 731.213 Thread 0x0000026b84f1fe10 Exception <a 'java/lang/NoSuchMethodError'{0x000000072c90b4f0}: 'java.lang.Object java.lang.invoke.DirectMethodHandle$Holder.newInvokeSpecial(java.lang.Object, java.lang.Object, int, java.lang.Object, long)'> (0x000000072c90b4f0) 
thrown [s\src\hotspot\share\interpreter\linkResolver.cpp, line 759]
Event: 731.234 Thread 0x0000026b7ea990e0 Exception <a 'java/lang/NoSuchMethodError'{0x000000072c93be50}: static Lorg/jetbrains/kotlin/daemon/common/CompileService$CallResult;.<clinit>()V> (0x000000072c93be50) 
thrown [s\src\hotspot\share\prims\jni.cpp, line 1112]
Event: 731.235 Thread 0x0000026b7ea990e0 Exception <a 'java/lang/NoSuchMethodError'{0x000000072c947cc8}: static Lorg/jetbrains/kotlin/daemon/common/CompileService$CallResult$Good;.<clinit>()V> (0x000000072c947cc8) 
thrown [s\src\hotspot\share\prims\jni.cpp, line 1112]
Event: 731.236 Thread 0x0000026b7ea990e0 Exception <a 'java/lang/NoSuchMethodError'{0x000000072c9551a8}: static Lorg/jetbrains/kotlin/daemon/common/DaemonJVMOptions;.<clinit>()V> (0x000000072c9551a8) 
thrown [s\src\hotspot\share\prims\jni.cpp, line 1112]
Event: 731.244 Thread 0x0000026b7ea990e0 Exception <a 'java/lang/NoSuchMethodError'{0x000000072c96ede8}: static Lorg/jetbrains/kotlin/daemon/common/CompileService$CallResult$Ok;.<clinit>()V> (0x000000072c96ede8) 
thrown [s\src\hotspot\share\prims\jni.cpp, line 1112]
Event: 731.293 Thread 0x0000026b7ea990e0 Exception <a 'java/lang/NoSuchMethodError'{0x000000072c6b3ea8}: static [Ljava/lang/Integer;.<clinit>()V> (0x000000072c6b3ea8) 
thrown [s\src\hotspot\share\prims\jni.cpp, line 1112]
Event: 752.725 Thread 0x0000026b7a4925b0 Exception <a 'sun/nio/fs/WindowsException'{0x000000072c180a58}> (0x000000072c180a58) 
thrown [s\src\hotspot\share\prims\jni.cpp, line 516]
Event: 752.726 Thread 0x0000026b7a4925b0 Exception <a 'sun/nio/fs/WindowsException'{0x000000072c182dd0}> (0x000000072c182dd0) 
thrown [s\src\hotspot\share\prims\jni.cpp, line 516]
Event: 752.726 Thread 0x0000026b7a4925b0 Exception <a 'sun/nio/fs/WindowsException'{0x000000072c184ef8}> (0x000000072c184ef8) 
thrown [s\src\hotspot\share\prims\jni.cpp, line 516]
Event: 752.727 Thread 0x0000026b7a4925b0 Exception <a 'sun/nio/fs/WindowsException'{0x000000072c186d58}> (0x000000072c186d58) 
thrown [s\src\hotspot\share\prims\jni.cpp, line 516]
Event: 752.731 Thread 0x0000026b7a4925b0 Exception <a 'sun/nio/fs/WindowsException'{0x000000072c1b3fc0}> (0x000000072c1b3fc0) 
thrown [s\src\hotspot\share\prims\jni.cpp, line 516]
Event: 752.731 Thread 0x0000026b7a4925b0 Exception <a 'sun/nio/fs/WindowsException'{0x000000072c1b60a0}> (0x000000072c1b60a0) 
thrown [s\src\hotspot\share\prims\jni.cpp, line 516]
Event: 752.731 Thread 0x0000026b7a4925b0 Exception <a 'sun/nio/fs/WindowsException'{0x000000072c1b7e28}> (0x000000072c1b7e28) 
thrown [s\src\hotspot\share\prims\jni.cpp, line 516]

VM Operations (20 events):
Event: 731.102 Executing VM operation: Cleanup
Event: 731.102 Executing VM operation: Cleanup done
Event: 731.199 Executing VM operation: HandshakeAllThreads
Event: 731.200 Executing VM operation: HandshakeAllThreads done
Event: 731.224 Executing VM operation: HandshakeAllThreads
Event: 731.224 Executing VM operation: HandshakeAllThreads done
Event: 732.223 Executing VM operation: Cleanup
Event: 732.223 Executing VM operation: Cleanup done
Event: 748.234 Executing VM operation: Cleanup
Event: 748.234 Executing VM operation: Cleanup done
Event: 750.236 Executing VM operation: Cleanup
Event: 750.236 Executing VM operation: Cleanup done
Event: 752.237 Executing VM operation: Cleanup
Event: 752.237 Executing VM operation: Cleanup done
Event: 752.809 Executing VM operation: HandshakeAllThreads
Event: 752.810 Executing VM operation: HandshakeAllThreads done
Event: 752.838 Executing VM operation: HandshakeAllThreads
Event: 752.839 Executing VM operation: HandshakeAllThreads done
Event: 753.838 Executing VM operation: Cleanup
Event: 753.839 Executing VM operation: Cleanup done

Memory protections (0 events):
No events

Nmethod flushes (20 events):
Event: 731.275 Thread 0x0000026b3157bd30 flushing  nmethod 0x0000026b1930c090
Event: 731.275 Thread 0x0000026b3157bd30 flushing  nmethod 0x0000026b1930d210
Event: 731.275 Thread 0x0000026b3157bd30 flushing  nmethod 0x0000026b19311d10
Event: 731.275 Thread 0x0000026b3157bd30 flushing  nmethod 0x0000026b19312b10
Event: 731.275 Thread 0x0000026b3157bd30 flushing  nmethod 0x0000026b19313590
Event: 731.275 Thread 0x0000026b3157bd30 flushing  nmethod 0x0000026b19316890
Event: 731.275 Thread 0x0000026b3157bd30 flushing  nmethod 0x0000026b19318210
Event: 731.275 Thread 0x0000026b3157bd30 flushing  nmethod 0x0000026b1931b210
Event: 731.275 Thread 0x0000026b3157bd30 flushing  nmethod 0x0000026b1931b810
Event: 731.275 Thread 0x0000026b3157bd30 flushing  nmethod 0x0000026b1931bb90
Event: 731.275 Thread 0x0000026b3157bd30 flushing  nmethod 0x0000026b1931d210
Event: 731.275 Thread 0x0000026b3157bd30 flushing  nmethod 0x0000026b193b1910
Event: 731.275 Thread 0x0000026b3157bd30 flushing  nmethod 0x0000026b193d6d90
Event: 731.275 Thread 0x0000026b3157bd30 flushing  nmethod 0x0000026b193d8a90
Event: 731.275 Thread 0x0000026b3157bd30 flushing  nmethod 0x0000026b19418e10
Event: 731.275 Thread 0x0000026b3157bd30 flushing  nmethod 0x0000026b19419910
Event: 731.275 Thread 0x0000026b3157bd30 flushing  nmethod 0x0000026b19428710
Event: 731.276 Thread 0x0000026b3157bd30 flushing  nmethod 0x0000026b19476910
Event: 731.276 Thread 0x0000026b3157bd30 flushing  nmethod 0x0000026b194c8d90
Event: 731.276 Thread 0x0000026b3157bd30 flushing  nmethod 0x0000026b194ec410

Events (20 events):
Event: 731.173 Thread 0x0000026b7ea990e0 Thread added: 0x0000026b84f1f900
Event: 731.187 Thread 0x0000026b7ea990e0 Thread added: 0x0000026b84f1fe10
Event: 731.192 Thread 0x0000026b7ea990e0 Thread added: 0x0000026b7a496780
Event: 731.282 Thread 0x0000026b7ea990e0 Thread added: 0x0000026b7a496c90
Event: 731.283 Thread 0x0000026b7ea990e0 Thread added: 0x0000026b7a4934e0
Event: 731.332 Thread 0x0000026b7a496c90 Thread added: 0x0000026b859f0db0
Event: 753.353 Thread 0x0000026b7ea97790 Thread added: 0x0000026b84f1d590
Event: 753.353 Thread 0x0000026b7ea97790 Thread added: 0x0000026b859f12c0
Event: 753.353 Thread 0x0000026b7ea97790 Thread added: 0x0000026b7e551e40
Event: 753.353 Thread 0x0000026b7ea97790 Thread added: 0x0000026b7e552d70
Event: 753.353 Thread 0x0000026b7ea97790 Thread added: 0x0000026b840953d0
Event: 753.353 Thread 0x0000026b7ea97790 Thread added: 0x0000026b84096300
Event: 753.353 Thread 0x0000026b7ea97790 Thread added: 0x0000026b84096810
Event: 753.406 Thread 0x0000026b7ea97790 Thread added: 0x0000026b7a4976b0
Event: 753.406 Thread 0x0000026b7ea97790 Thread added: 0x0000026b7a4971a0
Event: 753.406 Thread 0x0000026b7ea97790 Thread added: 0x0000026b7a493f00
Event: 753.407 Thread 0x0000026b7ea97790 Thread added: 0x0000026b7a4980d0
Event: 753.408 Thread 0x0000026b7ea97790 Thread added: 0x0000026b7a4985e0
Event: 753.408 Thread 0x0000026b7ea97790 Thread added: 0x0000026b7a497bc0
Event: 753.408 Thread 0x0000026b7ea97790 Thread added: 0x0000026b7a498af0


Dynamic libraries:
0x00007ff61be80000 - 0x00007ff61be8e000 	C:\Program Files\Eclipse Adoptium\jdk-17.0.19.10-hotspot\bin\java.exe
0x00007ff8c0b80000 - 0x00007ff8c0de6000 	C:\WINDOWS\SYSTEM32\ntdll.dll
0x00007ff8bf800000 - 0x00007ff8bf8c9000 	C:\WINDOWS\System32\KERNEL32.DLL
0x00007ff8bdf40000 - 0x00007ff8be33f000 	C:\WINDOWS\System32\KERNELBASE.dll
0x00007ff8be6c0000 - 0x00007ff8be80c000 	C:\WINDOWS\System32\ucrtbase.dll
0x00007ff881d50000 - 0x00007ff881d6e000 	C:\Program Files\Eclipse Adoptium\jdk-17.0.19.10-hotspot\bin\VCRUNTIME140.dll
0x00007ff89f1c0000 - 0x00007ff89f1d8000 	C:\Program Files\Eclipse Adoptium\jdk-17.0.19.10-hotspot\bin\jli.dll
0x00007ff8bfa30000 - 0x00007ff8bfbf6000 	C:\WINDOWS\System32\USER32.dll
0x00007ff8a0420000 - 0x00007ff8a06b1000 	C:\WINDOWS\WinSxS\amd64_microsoft.windows.common-controls_6595b64144ccf1df_6.0.26100.8972_none_3e0da176e32f9d4b\COMCTL32.dll
0x00007ff8bdf10000 - 0x00007ff8bdf37000 	C:\WINDOWS\System32\win32u.dll
0x00007ff8be8b0000 - 0x00007ff8be8db000 	C:\WINDOWS\System32\GDI32.dll
0x00007ff8be400000 - 0x00007ff8be529000 	C:\WINDOWS\System32\gdi32full.dll
0x00007ff8c01f0000 - 0x00007ff8c0299000 	C:\WINDOWS\System32\msvcrt.dll
0x00007ff8be350000 - 0x00007ff8be3f3000 	C:\WINDOWS\System32\msvcp_win.dll
0x00007ff8bee90000 - 0x00007ff8beec2000 	C:\WINDOWS\System32\IMM32.DLL
0x00007ff89f1b0000 - 0x00007ff89f1bc000 	C:\Program Files\Eclipse Adoptium\jdk-17.0.19.10-hotspot\bin\vcruntime140_1.dll
0x00007ff845400000 - 0x00007ff84548d000 	C:\Program Files\Eclipse Adoptium\jdk-17.0.19.10-hotspot\bin\msvcp140.dll
0x00007ff8334e0000 - 0x00007ff83414c000 	C:\Program Files\Eclipse Adoptium\jdk-17.0.19.10-hotspot\bin\server\jvm.dll
0x00007ff8be9c0000 - 0x00007ff8bea7c000 	C:\WINDOWS\System32\ADVAPI32.dll
0x00007ff8bed10000 - 0x00007ff8bedb9000 	C:\WINDOWS\System32\sechost.dll
0x00007ff8c00b0000 - 0x00007ff8c01c8000 	C:\WINDOWS\System32\RPCRT4.dll
0x00007ff8beaa0000 - 0x00007ff8beb22000 	C:\WINDOWS\System32\WS2_32.dll
0x00007ff8bdbf0000 - 0x00007ff8bdc4e000 	C:\WINDOWS\SYSTEM32\POWRPROF.dll
0x00007ff8b2810000 - 0x00007ff8b2846000 	C:\WINDOWS\SYSTEM32\WINMM.dll
0x00007ff8ba840000 - 0x00007ff8ba84b000 	C:\WINDOWS\SYSTEM32\VERSION.dll
0x00007ff8bdbd0000 - 0x00007ff8bdbe5000 	C:\WINDOWS\SYSTEM32\UMPDC.dll
0x00007ff8bca40000 - 0x00007ff8bca5b000 	C:\WINDOWS\SYSTEM32\kernel.appcore.dll
0x00007ff881d40000 - 0x00007ff881d4a000 	C:\Program Files\Eclipse Adoptium\jdk-17.0.19.10-hotspot\bin\jimage.dll
0x00007ff8bb3f0000 - 0x00007ff8bb632000 	C:\WINDOWS\SYSTEM32\DBGHELP.DLL
0x00007ff8bfc00000 - 0x00007ff8bff85000 	C:\WINDOWS\System32\combase.dll
0x00007ff8bf8d0000 - 0x00007ff8bf9a9000 	C:\WINDOWS\System32\OLEAUT32.dll
0x00007ff89c6b0000 - 0x00007ff89c6eb000 	C:\WINDOWS\SYSTEM32\dbgcore.DLL
0x00007ff8bde50000 - 0x00007ff8bdefc000 	C:\WINDOWS\System32\bcryptPrimitives.dll
0x00007ff8770e0000 - 0x00007ff8770ee000 	C:\Program Files\Eclipse Adoptium\jdk-17.0.19.10-hotspot\bin\instrument.dll
0x00007ff865a90000 - 0x00007ff865ab5000 	C:\Program Files\Eclipse Adoptium\jdk-17.0.19.10-hotspot\bin\java.dll
0x00007ff842790000 - 0x00007ff842867000 	C:\Program Files\Eclipse Adoptium\jdk-17.0.19.10-hotspot\bin\jsvml.dll
0x00007ff8bf070000 - 0x00007ff8bf7f8000 	C:\WINDOWS\System32\SHELL32.dll
0x00007ff8bb800000 - 0x00007ff8bc09b000 	C:\WINDOWS\SYSTEM32\windows.storage.dll
0x00007ff8c02a0000 - 0x00007ff8c0399000 	C:\WINDOWS\System32\SHCORE.dll
0x00007ff8bee10000 - 0x00007ff8bee76000 	C:\WINDOWS\System32\shlwapi.dll
0x00007ff8bdcb0000 - 0x00007ff8bdcd9000 	C:\WINDOWS\SYSTEM32\profapi.dll
0x00007ff8770c0000 - 0x00007ff8770d8000 	C:\Program Files\Eclipse Adoptium\jdk-17.0.19.10-hotspot\bin\zip.dll
0x00007ff865a70000 - 0x00007ff865a8a000 	C:\Program Files\Eclipse Adoptium\jdk-17.0.19.10-hotspot\bin\net.dll
0x00007ff8b6170000 - 0x00007ff8b6297000 	C:\WINDOWS\SYSTEM32\WINHTTP.dll
0x00007ff8bcfd0000 - 0x00007ff8bd03c000 	C:\WINDOWS\system32\mswsock.dll
0x00007ff848b40000 - 0x00007ff848b56000 	C:\Program Files\Eclipse Adoptium\jdk-17.0.19.10-hotspot\bin\nio.dll
0x00007ff86f150000 - 0x00007ff86f160000 	C:\Program Files\Eclipse Adoptium\jdk-17.0.19.10-hotspot\bin\verify.dll
0x00007ff845c00000 - 0x00007ff845c27000 	C:\Users\ranim\.gradle\native\1def1411415f61bf3af743bc5b6707747c0891f09f0c88961ee8f79bc544acac\windows-amd64\native-platform.dll
0x00007ff842390000 - 0x00007ff842408000 	C:\Users\ranim\.gradle\native\0.2.7\x86_64-windows-gnu\gradle-fileevents.dll
0x00007ff86b700000 - 0x00007ff86b70a000 	C:\Program Files\Eclipse Adoptium\jdk-17.0.19.10-hotspot\bin\management.dll
0x00007ff84d480000 - 0x00007ff84d48c000 	C:\Program Files\Eclipse Adoptium\jdk-17.0.19.10-hotspot\bin\management_ext.dll
0x00007ff8c0610000 - 0x00007ff8c0618000 	C:\WINDOWS\System32\PSAPI.DLL
0x00007ff8bc3f0000 - 0x00007ff8bc423000 	C:\WINDOWS\SYSTEM32\IPHLPAPI.DLL
0x00007ff8bee80000 - 0x00007ff8bee8a000 	C:\WINDOWS\System32\NSI.dll
0x00007ff8b62d0000 - 0x00007ff8b62ed000 	C:\WINDOWS\SYSTEM32\dhcpcsvc6.DLL
0x00007ff8b62a0000 - 0x00007ff8b62c5000 	C:\WINDOWS\SYSTEM32\dhcpcsvc.DLL
0x00007ff8bc430000 - 0x00007ff8bc588000 	C:\WINDOWS\SYSTEM32\DNSAPI.dll
0x00007ff8bcdf0000 - 0x00007ff8bcdfd000 	C:\WINDOWS\SYSTEM32\DSPARSE.dll
0x00007ff848820000 - 0x00007ff848829000 	C:\Program Files\Eclipse Adoptium\jdk-17.0.19.10-hotspot\bin\extnet.dll
0x00007ff8bd3f0000 - 0x00007ff8bd40b000 	C:\WINDOWS\SYSTEM32\CRYPTSP.dll
0x00007ff8bc9a0000 - 0x00007ff8bc9d9000 	C:\WINDOWS\system32\rsaenh.dll
0x00007ff8bd080000 - 0x00007ff8bd0b2000 	C:\WINDOWS\SYSTEM32\USERENV.dll
0x00007ff8bdc80000 - 0x00007ff8bdcaa000 	C:\WINDOWS\SYSTEM32\bcrypt.dll
0x00007ff8bd3c0000 - 0x00007ff8bd3cc000 	C:\WINDOWS\SYSTEM32\CRYPTBASE.dll
0x00007ff844090000 - 0x00007ff84409e000 	C:\Program Files\Eclipse Adoptium\jdk-17.0.19.10-hotspot\bin\sunmscapi.dll
0x00007ff8be530000 - 0x00007ff8be6ae000 	C:\WINDOWS\System32\CRYPT32.dll
0x00007ff8bd560000 - 0x00007ff8bd590000 	C:\WINDOWS\SYSTEM32\ncrypt.dll
0x00007ff8bd510000 - 0x00007ff8bd54f000 	C:\WINDOWS\SYSTEM32\NTASN1.dll
0x00007ff8ab550000 - 0x00007ff8ab558000 	C:\WINDOWS\system32\wshunix.dll
0x00007ff883d80000 - 0x00007ff883d98000 	C:\WINDOWS\system32\napinsp.dll
0x00007ff883a80000 - 0x00007ff883a93000 	C:\WINDOWS\System32\winrnr.dll
0x00007ff87edc0000 - 0x00007ff87ede2000 	C:\WINDOWS\system32\nlansp_c.dll
0x00007ff8b1900000 - 0x00007ff8b1916000 	C:\WINDOWS\system32\wshbth.dll
0x00007ff8b52c0000 - 0x00007ff8b52cb000 	C:\Windows\System32\rasadhlp.dll
0x00007ff8b6cf0000 - 0x00007ff8b6d76000 	C:\WINDOWS\System32\fwpuclnt.dll
0x00007ff8b81d0000 - 0x00007ff8b81d7000 	C:\Program Files\Eclipse Adoptium\jdk-17.0.19.10-hotspot\bin\rmi.dll

dbghelp: loaded successfully - version: 4.0.5 - missing functions: none
symbol engine: initialized successfully - sym options: 0x614 - pdb path: .;C:\Program Files\Eclipse Adoptium\jdk-17.0.19.10-hotspot\bin;C:\WINDOWS\SYSTEM32;C:\WINDOWS\WinSxS\amd64_microsoft.windows.common-controls_6595b64144ccf1df_6.0.26100.8972_none_3e0da176e32f9d4b;C:\Program Files\Eclipse Adoptium\jdk-17.0.19.10-hotspot\bin\server;C:\Users\ranim\.gradle\native\1def1411415f61bf3af743bc5b6707747c0891f09f0c88961ee8f79bc544acac\windows-amd64;C:\Users\ranim\.gradle\native\0.2.7\x86_64-windows-gnu

VM Arguments:
jvm_args: --add-opens=java.base/java.lang=ALL-UNNAMED --add-opens=java.base/java.lang.invoke=ALL-UNNAMED --add-opens=java.base/java.util=ALL-UNNAMED --add-opens=java.prefs/java.util.prefs=ALL-UNNAMED --add-exports=jdk.compiler/com.sun.tools.javac.api=ALL-UNNAMED --add-exports=jdk.compiler/com.sun.tools.javac.util=ALL-UNNAMED --add-opens=java.base/java.util=ALL-UNNAMED --add-opens=java.prefs/java.util.prefs=ALL-UNNAMED --add-opens=java.base/java.nio.charset=ALL-UNNAMED --add-opens=java.base/java.net=ALL-UNNAMED --add-opens=java.base/java.util.concurrent.atomic=ALL-UNNAMED --add-opens=java.xml/javax.xml.namespace=ALL-UNNAMED -XX:MaxMetaspaceSize=2g -Xmx4g -Dfile.encoding=UTF-8 -Duser.country=FR -Duser.language=fr -Duser.variant -javaagent:C:\Users\ranim\.gradle\wrapper\dists\gradle-8.14-all\c2qonpi39x1mddn7hk5gh9iqj\gradle-8.14\lib\agents\gradle-instrumentation-agent-8.14.jar 
java_command: org.gradle.launcher.daemon.bootstrap.GradleDaemon 8.14
java_class_path (initial): C:\Users\ranim\.gradle\wrapper\dists\gradle-8.14-all\c2qonpi39x1mddn7hk5gh9iqj\gradle-8.14\lib\gradle-daemon-main-8.14.jar
Launcher Type: SUN_STANDARD

[Global flags]
     intx CICompilerCount                          = 4                                         {product} {ergonomic}
     uint ConcGCThreads                            = 2                                         {product} {ergonomic}
     uint G1ConcRefinementThreads                  = 8                                         {product} {ergonomic}
   size_t G1HeapRegionSize                         = 2097152                                   {product} {ergonomic}
    uintx GCDrainStackTargetSize                   = 64                                        {product} {ergonomic}
   size_t InitialHeapSize                          = 197132288                                 {product} {ergonomic}
   size_t MarkStackSize                            = 4194304                                   {product} {ergonomic}
   size_t MaxHeapSize                              = 4294967296                                {product} {command line}
   size_t MaxMetaspaceSize                         = 2147483648                                {product} {command line}
   size_t MaxNewSize                               = 2575302656                                {product} {ergonomic}
   size_t MinHeapDeltaBytes                        = 2097152                                   {product} {ergonomic}
   size_t MinHeapSize                              = 8388608                                   {product} {ergonomic}
    uintx NonNMethodCodeHeapSize                   = 5839372                                {pd product} {ergonomic}
    uintx NonProfiledCodeHeapSize                  = 122909434                              {pd product} {ergonomic}
    uintx ProfiledCodeHeapSize                     = 122909434                              {pd product} {ergonomic}
    uintx ReservedCodeCacheSize                    = 251658240                              {pd product} {ergonomic}
     bool SegmentedCodeCache                       = true                                      {product} {ergonomic}
   size_t SoftMaxHeapSize                          = 4294967296                             {manageable} {ergonomic}
     bool UseCompressedClassPointers               = true                           {product lp64_product} {ergonomic}
     bool UseCompressedOops                        = true                           {product lp64_product} {ergonomic}
     bool UseG1GC                                  = true                                      {product} {ergonomic}
     bool UseLargePagesIndividualAllocation        = false                                  {pd product} {ergonomic}

Logging:
Log output configuration:
 #0: stdout all=warning uptime,level,tags
 #1: stderr all=off uptime,level,tags

Environment Variables:
JAVA_HOME=C:\Program Files\Eclipse Adoptium\jdk-17.0.19.10-hotspot
PATH=C:\Program Files\Eclipse Adoptium\jdk-17.0.19.10-hotspot\bin;C:\Program Files\Eclipse Adoptium\jdk-25.0.2.10-hotspot\bin;C:\Program Files\NVIDIA GPU Computing Toolkit\CUDA\v12.8\bin;C:\Program Files\NVIDIA GPU Computing Toolkit\CUDA\v12.8\libnvvp;C:\Users\ranim\Downloads\WINDOWS.X64_193000_db_home\bin;C:\app\ranim\product\21c\dbhomeXE\bin;C:\app\ranim\product\21c\dbhomeXE\cfgtoollogs\oui\dbhomeXE\bin;C:\WINDOWS\system32;C:\WINDOWS;C:\WINDOWS\System32\Wbem;C:\WINDOWS\System32\WindowsPowerShell\v1.0\;C:\WINDOWS\System32\OpenSSH\;C:\Program Files\NVIDIA Corporation\NVIDIA NvDLISR;C:\Program Files (x86)\NVIDIA Corporation\PhysX\Common;C:\ProgramData\chocolatey\bin;C:\Users\ranim\AppData\Local\Programs\Python\Python312\Scripts;C:\MinGW\bin;C:\Program Files\NVIDIA Corporation\NVIDIA app\NvDLISR;C:\Program Files\Git\cmd;C:\Program Files\nodejs\;C:\Program Files\dotnet\;C:\Program Files\Docker\Docker\resources\bin;C:\Windows\system32;C:\Users\ranim\.local\bin;C:\Users\ranim\AppData\Local\Microsoft\WindowsApps;C:\Users\ranim\AppData\Local\Programs\Microsoft VS Code\bin;C:\Users\ranim\AppData\Local\Muse Hub\lib;C:\flutter\src\bin;C:\Users\ranim\AppData\Roaming\npm;C:\Program Files\Tesseract-OCR;C:\flutter\bin;C:\Program Files\Eclipse Adoptium\jdk-17.0.19.10-hotspot\bin;C:\Users\ranim\AppData\Local\Android\Sdk\bin;C:\Users\ranim\AppData\Local\Python\bin;C:\Users\ranim\AppData\Local\Programs\mongosh\;C:\Users\ranim\AppData\Local\Programs\MiKTeX\miktex\bin\x64\
USERNAME=ranim
OS=Windows_NT
PROCESSOR_IDENTIFIER=Intel64 Family 6 Model 140 Stepping 1, GenuineIntel
TMP=C:\Users\ranim\AppData\Local\Temp
TEMP=C:\Users\ranim\AppData\Local\Temp



Periodic native trim disabled


---------------  S Y S T E M  ---------------

OS:
 Windows 11 , 64 bit Build 26100 (10.0.26100.8972)
OS uptime: 0 days 0:56 hours
Hyper-V role detected

CPU: total 8 (initial active 8) (4 cores per cpu, 2 threads per core) family 6 model 140 stepping 1 microcode 0xbe, cx8, cmov, fxsr, ht, mmx, 3dnowpref, sse, sse2, sse3, ssse3, sse4.1, sse4.2, popcnt, lzcnt, tsc, tscinvbit, avx, avx2, aes, erms, clmul, bmi1, bmi2, adx, avx512f, avx512dq, avx512cd, avx512bw, avx512vl, sha, fma, vzeroupper, avx512_vpopcntdq, avx512_vpclmulqdq, avx512_vaes, avx512_vnni, clflush, clflushopt, clwb, avx512_vbmi2, avx512_vbmi, hv
Processor Information for all 8 processors :
  Max Mhz: 2419, Current Mhz: 2419, Mhz Limit: 2419

Memory: 4k page, system-wide physical 12022M (305M free)
TotalPageFile size 20218M (AvailPageFile size 5M)
current process WorkingSet (physical memory assigned to process): 552M, peak: 1431M
current process commit charge ("private bytes"): 1572M, peak: 1575M

vm_info: OpenJDK 64-Bit Server VM (17.0.19+10) for windows-amd64 JRE (17.0.19+10), built on Apr 25 2026 08:04:44 by "admin" with MS VC++ 17.12 (VS2022)

END.
